collect	UNKNOWN STEP	﻿2026-09-22T18:19:47.0106034Z Current runner version: '2.337.0'
collect	UNKNOWN STEP	2026-09-22T18:19:47.0131405Z ##[group]Runner Image Provisioner
collect	UNKNOWN STEP	2026-09-22T18:19:47.0132457Z Hosted Compute Agent
collect	UNKNOWN STEP	2026-09-22T18:19:47.0133263Z Version: 20260828.587
collect	UNKNOWN STEP	2026-09-22T18:19:47.0134354Z Commit: abac92662cab4cc7352de4f9f9d2e2419aad9c29
collect	UNKNOWN STEP	2026-09-22T18:19:47.0135294Z Build Date: 2026-08-28T16:44:25Z
collect	UNKNOWN STEP	2026-09-22T18:19:47.0136191Z Worker ID: {cca71f0a-10e5-430e-9bd9-9ee22ee6096f}
collect	UNKNOWN STEP	2026-09-22T18:19:47.0137002Z Azure Region: westus
collect	UNKNOWN STEP	2026-09-22T18:19:47.0137758Z ##[endgroup]
collect	UNKNOWN STEP	2026-09-22T18:19:47.0139331Z ##[group]Operating System
collect	UNKNOWN STEP	2026-09-22T18:19:47.0140151Z Ubuntu
collect	UNKNOWN STEP	2026-09-22T18:19:47.0140824Z 24.04.5
collect	UNKNOWN STEP	2026-09-22T18:19:47.0141499Z LTS
collect	UNKNOWN STEP	2026-09-22T18:19:47.0142098Z ##[endgroup]
collect	UNKNOWN STEP	2026-09-22T18:19:47.0142817Z ##[group]Runner Image
collect	UNKNOWN STEP	2026-09-22T18:19:47.0143577Z Image: ubuntu-24.04
collect	UNKNOWN STEP	2026-09-22T18:19:47.0144691Z Version: 20260907.300.1
collect	UNKNOWN STEP	2026-09-22T18:19:47.0146076Z Included Software: https://github.com/actions/runner-images/blob/ubuntu24/20260907.300/images/ubuntu/Ubuntu2404-Readme.md
collect	UNKNOWN STEP	2026-09-22T18:19:47.0147857Z Image Release: https://github.com/actions/runner-images/releases/tag/ubuntu24%2F20260907.300
collect	UNKNOWN STEP	2026-09-22T18:19:47.0148894Z ##[endgroup]
collect	UNKNOWN STEP	2026-09-22T18:19:47.0150295Z ##[group]GITHUB_TOKEN Permissions
collect	UNKNOWN STEP	2026-09-22T18:19:47.0152372Z Actions: write
collect	UNKNOWN STEP	2026-09-22T18:19:47.0153126Z Contents: write
collect	UNKNOWN STEP	2026-09-22T18:19:47.0154018Z Metadata: read
collect	UNKNOWN STEP	2026-09-22T18:19:47.0154741Z ##[endgroup]
collect	UNKNOWN STEP	2026-09-22T18:19:47.0156982Z Secret source: Actions
collect	UNKNOWN STEP	2026-09-22T18:19:47.0158105Z Cache mode: write
collect	UNKNOWN STEP	2026-09-22T18:19:47.0158951Z Prepare workflow directory
collect	UNKNOWN STEP	2026-09-22T18:19:47.0757596Z Prepare all required actions
collect	UNKNOWN STEP	2026-09-22T18:19:47.0805457Z Getting action download info
collect	UNKNOWN STEP	2026-09-22T18:19:47.4254209Z Download action repository 'actions/checkout@v4' (SHA:11d5960a326750d5838078e36cf38b85af677262)
collect	UNKNOWN STEP	2026-09-22T18:19:47.5301564Z Download action repository 'actions/setup-python@v5' (SHA:a26af69be951a213d495a4c3e4e4022e16d87065)
collect	UNKNOWN STEP	2026-09-22T18:19:47.7039493Z Complete job name: collect
collect	UNKNOWN STEP	2026-09-22T18:19:47.7856683Z Node 20 is being deprecated. This workflow is running with Node 24 by default. If you need to temporarily use Node 20, you can set the ACTIONS_ALLOW_USE_UNSECURE_NODE_VERSION=true environment variable. For more information see: https://github.blog/changelog/2025-09-19-deprecation-of-node-20-on-github-actions-runners/
collect	UNKNOWN STEP	2026-09-22T18:19:47.7865941Z ##[group]Run actions/checkout@v4
collect	UNKNOWN STEP	2026-09-22T18:19:47.7866766Z with:
collect	UNKNOWN STEP	2026-09-22T18:19:47.7867260Z   fetch-depth: 1
collect	UNKNOWN STEP	2026-09-22T18:19:47.7867835Z   repository: ValentinNikolaev/job-intelligence
collect	UNKNOWN STEP	2026-09-22T18:19:47.7871673Z   token: ***
collect	UNKNOWN STEP	2026-09-22T18:19:47.7872179Z   ssh-strict: true
collect	UNKNOWN STEP	2026-09-22T18:19:47.7872686Z   ssh-user: git
collect	UNKNOWN STEP	2026-09-22T18:19:47.7873212Z   persist-credentials: true
collect	UNKNOWN STEP	2026-09-22T18:19:47.7873767Z   clean: true
collect	UNKNOWN STEP	2026-09-22T18:19:47.7874524Z   sparse-checkout-cone-mode: true
collect	UNKNOWN STEP	2026-09-22T18:19:47.7875120Z   fetch-tags: false
collect	UNKNOWN STEP	2026-09-22T18:19:47.7875628Z   show-progress: true
collect	UNKNOWN STEP	2026-09-22T18:19:47.7876153Z   lfs: false
collect	UNKNOWN STEP	2026-09-22T18:19:47.7876666Z   submodules: false
collect	UNKNOWN STEP	2026-09-22T18:19:47.7877194Z   set-safe-directory: true
collect	UNKNOWN STEP	2026-09-22T18:19:47.7877778Z   allow-unsafe-pr-checkout: false
collect	UNKNOWN STEP	2026-09-22T18:19:47.7878652Z env:
collect	UNKNOWN STEP	2026-09-22T18:19:47.7879811Z   MONGODB_URI: ***
collect	UNKNOWN STEP	2026-09-22T18:19:47.7880363Z   JOBINTEL_DATABASE_NAME: job_intelligence
collect	UNKNOWN STEP	2026-09-22T18:19:47.7881020Z   ADZUNA_APP_ID: ***
collect	UNKNOWN STEP	2026-09-22T18:19:47.7881612Z   ADZUNA_APP_KEY: ***
collect	UNKNOWN STEP	2026-09-22T18:19:47.7882352Z   CLEANJOBDATA_API_KEY: ***
collect	UNKNOWN STEP	2026-09-22T18:19:47.7883006Z   JOOBLE_API_KEY: ***
collect	UNKNOWN STEP	2026-09-22T18:19:47.7883690Z   TELEGRAM_BOT_TOKEN: ***
collect	UNKNOWN STEP	2026-09-22T18:19:47.7884463Z   TELEGRAM_CHAT_ID: ***
collect	UNKNOWN STEP	2026-09-22T18:19:47.7885011Z   JOBINTEL_COLLECTION_LIMIT: 100
collect	UNKNOWN STEP	2026-09-22T18:19:47.7885580Z ##[endgroup]
collect	UNKNOWN STEP	2026-09-22T18:19:47.8939012Z Syncing repository: ValentinNikolaev/job-intelligence
collect	UNKNOWN STEP	2026-09-22T18:19:47.8941475Z ##[group]Getting Git version info
collect	UNKNOWN STEP	2026-09-22T18:19:47.8942722Z Working directory is '/home/runner/work/job-intelligence/job-intelligence'
collect	UNKNOWN STEP	2026-09-22T18:19:47.8944785Z [command]/usr/bin/git version
collect	UNKNOWN STEP	2026-09-22T18:19:47.8945433Z git version 2.55.0
collect	UNKNOWN STEP	2026-09-22T18:19:47.8953225Z ##[endgroup]
collect	UNKNOWN STEP	2026-09-22T18:19:47.8967922Z Temporarily overriding HOME='/home/runner/work/_temp/6e78dbe8-e855-4892-a137-b40747f46df2' before making global git config changes
collect	UNKNOWN STEP	2026-09-22T18:19:47.8970363Z Adding repository directory to the temporary git global config as a safe directory
collect	UNKNOWN STEP	2026-09-22T18:19:47.8974627Z [command]/usr/bin/git config --global --add safe.directory /home/runner/work/job-intelligence/job-intelligence
collect	UNKNOWN STEP	2026-09-22T18:19:47.9021278Z Deleting the contents of '/home/runner/work/job-intelligence/job-intelligence'
collect	UNKNOWN STEP	2026-09-22T18:19:47.9025220Z ##[group]Initializing the repository
collect	UNKNOWN STEP	2026-09-22T18:19:47.9029306Z [command]/usr/bin/git init /home/runner/work/job-intelligence/job-intelligence
collect	UNKNOWN STEP	2026-09-22T18:19:47.9137228Z hint: Using 'master' as the name for the initial branch. This default branch name
collect	UNKNOWN STEP	2026-09-22T18:19:47.9139352Z hint: will change to "main" in Git 3.0. To configure the initial branch name
collect	UNKNOWN STEP	2026-09-22T18:19:47.9141917Z hint: to use in all of your new repositories, which will suppress this warning,
collect	UNKNOWN STEP	2026-09-22T18:19:47.9143754Z hint: call:
collect	UNKNOWN STEP	2026-09-22T18:19:47.9144651Z hint:
collect	UNKNOWN STEP	2026-09-22T18:19:47.9145438Z hint: 	git config --global init.defaultBranch <name>
collect	UNKNOWN STEP	2026-09-22T18:19:47.9146869Z hint:
collect	UNKNOWN STEP	2026-09-22T18:19:47.9148178Z hint: Names commonly chosen instead of 'master' are 'main', 'trunk' and
collect	UNKNOWN STEP	2026-09-22T18:19:47.9149588Z hint: 'development'. The just-created branch can be renamed via this command:
collect	UNKNOWN STEP	2026-09-22T18:19:47.9150568Z hint:
collect	UNKNOWN STEP	2026-09-22T18:19:47.9151337Z hint: 	git branch -m <name>
collect	UNKNOWN STEP	2026-09-22T18:19:47.9152086Z hint:
collect	UNKNOWN STEP	2026-09-22T18:19:47.9152833Z hint: Disable this message with "git config set advice.defaultBranchName false"
collect	UNKNOWN STEP	2026-09-22T18:19:47.9154569Z Initialized empty Git repository in /home/runner/work/job-intelligence/job-intelligence/.git/
collect	UNKNOWN STEP	2026-09-22T18:19:47.9157017Z [command]/usr/bin/git remote add origin https://github.com/ValentinNikolaev/job-intelligence
collect	UNKNOWN STEP	2026-09-22T18:19:47.9199618Z ##[endgroup]
collect	UNKNOWN STEP	2026-09-22T18:19:47.9201427Z ##[group]Disabling automatic garbage collection
collect	UNKNOWN STEP	2026-09-22T18:19:47.9203229Z [command]/usr/bin/git config --local gc.auto 0
collect	UNKNOWN STEP	2026-09-22T18:19:47.9233537Z ##[endgroup]
collect	UNKNOWN STEP	2026-09-22T18:19:47.9234561Z ##[group]Setting up auth
collect	UNKNOWN STEP	2026-09-22T18:19:47.9240108Z [command]/usr/bin/git config --local --name-only --get-regexp core\.sshCommand
collect	UNKNOWN STEP	2026-09-22T18:19:47.9271432Z [command]/usr/bin/git submodule foreach --recursive sh -c "git config --local --name-only --get-regexp 'core\.sshCommand' && git config --local --unset-all 'core.sshCommand' || :"
collect	UNKNOWN STEP	2026-09-22T18:19:47.9607325Z [command]/usr/bin/git config --local --name-only --get-regexp http\.https\:\/\/github\.com\/\.extraheader
collect	UNKNOWN STEP	2026-09-22T18:19:47.9639245Z [command]/usr/bin/git submodule foreach --recursive sh -c "git config --local --name-only --get-regexp 'http\.https\:\/\/github\.com\/\.extraheader' && git config --local --unset-all 'http.https://github.com/.extraheader' || :"
collect	UNKNOWN STEP	2026-09-22T18:19:47.9865886Z [command]/usr/bin/git config --local --name-only --get-regexp ^includeIf\.gitdir:
collect	UNKNOWN STEP	2026-09-22T18:19:47.9898973Z [command]/usr/bin/git submodule foreach --recursive git config --local --show-origin --name-only --get-regexp remote.origin.url
collect	UNKNOWN STEP	2026-09-22T18:19:48.0119721Z [command]/usr/bin/git config --local http.https://github.com/.extraheader AUTHORIZATION: basic ***
collect	UNKNOWN STEP	2026-09-22T18:19:48.0153994Z ##[endgroup]
collect	UNKNOWN STEP	2026-09-22T18:19:48.0155229Z ##[group]Fetching the repository
collect	UNKNOWN STEP	2026-09-22T18:19:48.0163419Z [command]/usr/bin/git -c protocol.version=2 fetch --no-tags --prune --no-recurse-submodules --depth=1 origin +59b040f1e644c89f1bbe826a0c253c049b4c8634:refs/remotes/origin/main
collect	UNKNOWN STEP	2026-09-22T18:19:53.9962397Z From https://github.com/ValentinNikolaev/job-intelligence
collect	UNKNOWN STEP	2026-09-22T18:19:53.9963777Z  * [new ref]         59b040f1e644c89f1bbe826a0c253c049b4c8634 -> origin/main
collect	UNKNOWN STEP	2026-09-22T18:19:53.9970050Z ##[endgroup]
collect	UNKNOWN STEP	2026-09-22T18:19:53.9970813Z ##[group]Determining the checkout info
collect	UNKNOWN STEP	2026-09-22T18:19:53.9971653Z ##[endgroup]
collect	UNKNOWN STEP	2026-09-22T18:19:53.9976666Z [command]/usr/bin/git sparse-checkout disable
collect	UNKNOWN STEP	2026-09-22T18:19:54.0027175Z [command]/usr/bin/git config --local --unset-all extensions.worktreeConfig
collect	UNKNOWN STEP	2026-09-22T18:19:54.0054842Z ##[group]Checking out the ref
collect	UNKNOWN STEP	2026-09-22T18:19:54.0058240Z [command]/usr/bin/git checkout --progress --force -B main refs/remotes/origin/main
collect	UNKNOWN STEP	2026-09-22T18:19:54.7975971Z Switched to a new branch 'main'
collect	UNKNOWN STEP	2026-09-22T18:19:54.7983498Z branch 'main' set up to track 'origin/main'.
collect	UNKNOWN STEP	2026-09-22T18:19:54.8042907Z ##[endgroup]
collect	UNKNOWN STEP	2026-09-22T18:19:54.8085533Z [command]/usr/bin/git log -1 --format=%H
collect	UNKNOWN STEP	2026-09-22T18:19:54.8108133Z 59b040f1e644c89f1bbe826a0c253c049b4c8634
collect	UNKNOWN STEP	2026-09-22T18:19:54.8358695Z Node 20 is being deprecated. This workflow is running with Node 24 by default. If you need to temporarily use Node 20, you can set the ACTIONS_ALLOW_USE_UNSECURE_NODE_VERSION=true environment variable. For more information see: https://github.blog/changelog/2025-09-19-deprecation-of-node-20-on-github-actions-runners/
collect	UNKNOWN STEP	2026-09-22T18:19:54.8360559Z ##[group]Run actions/setup-python@v5
collect	UNKNOWN STEP	2026-09-22T18:19:54.8360908Z with:
collect	UNKNOWN STEP	2026-09-22T18:19:54.8361209Z   python-version: 3.11
collect	UNKNOWN STEP	2026-09-22T18:19:54.8361513Z   cache: pip
collect	UNKNOWN STEP	2026-09-22T18:19:54.8361818Z   cache-dependency-path: pyproject.toml
collect	UNKNOWN STEP	2026-09-22T18:19:54.8362184Z   check-latest: false
collect	UNKNOWN STEP	2026-09-22T18:19:54.8364944Z   token: ***
collect	UNKNOWN STEP	2026-09-22T18:19:54.8365249Z   update-environment: true
collect	UNKNOWN STEP	2026-09-22T18:19:54.8365588Z   allow-prereleases: false
collect	UNKNOWN STEP	2026-09-22T18:19:54.8365907Z   freethreaded: false
collect	UNKNOWN STEP	2026-09-22T18:19:54.8366194Z env:
collect	UNKNOWN STEP	2026-09-22T18:19:54.8366933Z   MONGODB_URI: ***
collect	UNKNOWN STEP	2026-09-22T18:19:54.8367271Z   JOBINTEL_DATABASE_NAME: job_intelligence
collect	UNKNOWN STEP	2026-09-22T18:19:54.8367701Z   ADZUNA_APP_ID: ***
collect	UNKNOWN STEP	2026-09-22T18:19:54.8368076Z   ADZUNA_APP_KEY: ***
collect	UNKNOWN STEP	2026-09-22T18:19:54.8368549Z   CLEANJOBDATA_API_KEY: ***
collect	UNKNOWN STEP	2026-09-22T18:19:54.8368929Z   JOOBLE_API_KEY: ***
collect	UNKNOWN STEP	2026-09-22T18:19:54.8369342Z   TELEGRAM_BOT_TOKEN: ***
collect	UNKNOWN STEP	2026-09-22T18:19:54.8369670Z   TELEGRAM_CHAT_ID: ***
collect	UNKNOWN STEP	2026-09-22T18:19:54.8369979Z   JOBINTEL_COLLECTION_LIMIT: 100
collect	UNKNOWN STEP	2026-09-22T18:19:54.8370302Z ##[endgroup]
collect	UNKNOWN STEP	2026-09-22T18:19:54.9668013Z ##[group]Installed versions
collect	UNKNOWN STEP	2026-09-22T18:19:54.9778082Z (node:2281) [DEP0040] DeprecationWarning: The `punycode` module is deprecated. Please use a userland alternative instead.
collect	UNKNOWN STEP	2026-09-22T18:19:54.9779523Z (Use `node --trace-deprecation ...` to show where the warning was created)
collect	UNKNOWN STEP	2026-09-22T18:19:54.9780405Z Successfully set up CPython (3.11.16)
collect	UNKNOWN STEP	2026-09-22T18:19:54.9781419Z ##[endgroup]
collect	UNKNOWN STEP	2026-09-22T18:19:55.0049661Z [command]/opt/hostedtoolcache/Python/3.11.16/x64/bin/pip cache dir
collect	UNKNOWN STEP	2026-09-22T18:19:55.2945622Z /home/runner/.cache/pip
collect	UNKNOWN STEP	2026-09-22T18:19:55.5558836Z Cache hit for: setup-python-Linux-x64-24.04-Ubuntu-python-3.11.16-pip-1de5163b14263265bb5d5314b7236383b39fc14e600f9a2b7aa77518a9ba49a3
collect	UNKNOWN STEP	2026-09-22T18:19:55.5666920Z (node:2281) [DEP0169] DeprecationWarning: `url.parse()` behavior is not standardized and prone to errors that have security implications. Use the WHATWG URL API instead. CVEs are not issued for `url.parse()` vulnerabilities.
collect	UNKNOWN STEP	2026-09-22T18:19:56.7970010Z Received 3959989 of 3959989 (100.0%), 4.0 MBs/sec
collect	UNKNOWN STEP	2026-09-22T18:19:56.7971441Z Cache Size: ~4 MB (3959989 B)
collect	UNKNOWN STEP	2026-09-22T18:19:56.8001713Z [command]/usr/bin/tar -xf /home/runner/work/_temp/3eefd96a-9086-4699-a4cc-0997c3128daa/cache.tzst -P -C /home/runner/work/job-intelligence/job-intelligence --use-compress-program unzstd
collect	UNKNOWN STEP	2026-09-22T18:19:56.8142911Z Cache restored successfully
collect	UNKNOWN STEP	2026-09-22T18:19:56.8149939Z Cache restored from key: setup-python-Linux-x64-24.04-Ubuntu-python-3.11.16-pip-1de5163b14263265bb5d5314b7236383b39fc14e600f9a2b7aa77518a9ba49a3
collect	UNKNOWN STEP	2026-09-22T18:19:56.8295290Z ##[group]Run python -m pip install -e .
collect	UNKNOWN STEP	2026-09-22T18:19:56.8295730Z ^[[36;1mpython -m pip install -e .^[[0m
collect	UNKNOWN STEP	2026-09-22T18:19:56.8338122Z shell: /usr/bin/bash -e {0}
collect	UNKNOWN STEP	2026-09-22T18:19:56.8338449Z env:
collect	UNKNOWN STEP	2026-09-22T18:19:56.8339297Z   MONGODB_URI: ***
collect	UNKNOWN STEP	2026-09-22T18:19:56.8339585Z   JOBINTEL_DATABASE_NAME: job_intelligence
collect	UNKNOWN STEP	2026-09-22T18:19:56.8339946Z   ADZUNA_APP_ID: ***
collect	UNKNOWN STEP	2026-09-22T18:19:56.8340264Z   ADZUNA_APP_KEY: ***
collect	UNKNOWN STEP	2026-09-22T18:19:56.8340678Z   CLEANJOBDATA_API_KEY: ***
collect	UNKNOWN STEP	2026-09-22T18:19:56.8341358Z   JOOBLE_API_KEY: ***
collect	UNKNOWN STEP	2026-09-22T18:19:56.8341745Z   TELEGRAM_BOT_TOKEN: ***
collect	UNKNOWN STEP	2026-09-22T18:19:56.8342033Z   TELEGRAM_CHAT_ID: ***
collect	UNKNOWN STEP	2026-09-22T18:19:56.8342307Z   JOBINTEL_COLLECTION_LIMIT: 100
collect	UNKNOWN STEP	2026-09-22T18:19:56.8342666Z   pythonLocation: /opt/hostedtoolcache/Python/3.11.16/x64
collect	UNKNOWN STEP	2026-09-22T18:19:56.8343168Z   PKG_CONFIG_PATH: /opt/hostedtoolcache/Python/3.11.16/x64/lib/pkgconfig
collect	UNKNOWN STEP	2026-09-22T18:19:56.8343640Z   Python_ROOT_DIR: /opt/hostedtoolcache/Python/3.11.16/x64
collect	UNKNOWN STEP	2026-09-22T18:19:56.8344489Z   Python2_ROOT_DIR: /opt/hostedtoolcache/Python/3.11.16/x64
collect	UNKNOWN STEP	2026-09-22T18:19:56.8344947Z   Python3_ROOT_DIR: /opt/hostedtoolcache/Python/3.11.16/x64
collect	UNKNOWN STEP	2026-09-22T18:19:56.8345377Z   LD_LIBRARY_PATH: /opt/hostedtoolcache/Python/3.11.16/x64/lib
collect	UNKNOWN STEP	2026-09-22T18:19:56.8345752Z ##[endgroup]
collect	UNKNOWN STEP	2026-09-22T18:19:57.3381832Z Obtaining file:///home/runner/work/job-intelligence/job-intelligence
collect	UNKNOWN STEP	2026-09-22T18:19:57.3396881Z   Installing build dependencies: started
collect	UNKNOWN STEP	2026-09-22T18:19:57.9245993Z   Installing build dependencies: finished with status 'done'
collect	UNKNOWN STEP	2026-09-22T18:19:57.9251871Z   Checking if build backend supports build_editable: started
collect	UNKNOWN STEP	2026-09-22T18:19:58.2288392Z   Checking if build backend supports build_editable: finished with status 'done'
collect	UNKNOWN STEP	2026-09-22T18:19:58.2296017Z   Getting requirements to build editable: started
collect	UNKNOWN STEP	2026-09-22T18:19:58.5229328Z   Getting requirements to build editable: finished with status 'done'
collect	UNKNOWN STEP	2026-09-22T18:19:58.5241015Z   Preparing editable metadata (pyproject.toml): started
collect	UNKNOWN STEP	2026-09-22T18:19:58.6955022Z   Preparing editable metadata (pyproject.toml): finished with status 'done'
collect	UNKNOWN STEP	2026-09-22T18:19:58.8244721Z Collecting PyYAML<7,>=6.0 (from job-intelligence==0.1.0)
collect	UNKNOWN STEP	2026-09-22T18:19:58.8262626Z   Using cached pyyaml-6.0.3-cp311-cp311-manylinux2014_x86_64.manylinux_2_17_x86_64.manylinux_2_28_x86_64.whl.metadata (2.4 kB)
collect	UNKNOWN STEP	2026-09-22T18:19:59.1091675Z Collecting pymongo<5,>=4.10 (from job-intelligence==0.1.0)
collect	UNKNOWN STEP	2026-09-22T18:19:59.1109819Z   Using cached pymongo-4.18.1-cp311-cp311-manylinux2014_x86_64.manylinux_2_17_x86_64.manylinux_2_28_x86_64.whl.metadata (10 kB)
collect	UNKNOWN STEP	2026-09-22T18:19:59.1424539Z Collecting dnspython<3.0.0,>=2.7.0 (from pymongo<5,>=4.10->job-intelligence==0.1.0)
collect	UNKNOWN STEP	2026-09-22T18:19:59.1440058Z   Using cached dnspython-2.8.0-py3-none-any.whl.metadata (5.7 kB)
collect	UNKNOWN STEP	2026-09-22T18:19:59.1494076Z Using cached pymongo-4.18.1-cp311-cp311-manylinux2014_x86_64.manylinux_2_17_x86_64.manylinux_2_28_x86_64.whl (1.0 MB)
collect	UNKNOWN STEP	2026-09-22T18:19:59.1512803Z Using cached dnspython-2.8.0-py3-none-any.whl (331 kB)
collect	UNKNOWN STEP	2026-09-22T18:19:59.1529162Z Using cached pyyaml-6.0.3-cp311-cp311-manylinux2014_x86_64.manylinux_2_17_x86_64.manylinux_2_28_x86_64.whl (806 kB)
collect	UNKNOWN STEP	2026-09-22T18:19:59.1655595Z Building wheels for collected packages: job-intelligence
collect	UNKNOWN STEP	2026-09-22T18:19:59.1663086Z   Building editable for job-intelligence (pyproject.toml): started
collect	UNKNOWN STEP	2026-09-22T18:19:59.3558001Z   Building editable for job-intelligence (pyproject.toml): finished with status 'done'
collect	UNKNOWN STEP	2026-09-22T18:19:59.3564967Z   Created wheel for job-intelligence: filename=job_intelligence-0.1.0-0.editable-py3-none-any.whl size=3149 sha256=ee36afa1a4a60f6af344d602a1508c0ca735f6b4d1f4a4388d9c0081217af38d
collect	UNKNOWN STEP	2026-09-22T18:19:59.3567099Z   Stored in directory: /tmp/pip-ephem-wheel-cache-itrnebb0/wheels/47/ae/f5/2d26663bdab3965585c384ea3d8a66fdae9c13a36523d579ed
collect	UNKNOWN STEP	2026-09-22T18:19:59.3581148Z Successfully built job-intelligence
collect	UNKNOWN STEP	2026-09-22T18:19:59.3768738Z Installing collected packages: PyYAML, dnspython, pymongo, job-intelligence
collect	UNKNOWN STEP	2026-09-22T18:19:59.9764204Z 
collect	UNKNOWN STEP	2026-09-22T18:19:59.9775062Z Successfully installed PyYAML-6.0.3 dnspython-2.8.0 job-intelligence-0.1.0 pymongo-4.18.1
collect	UNKNOWN STEP	2026-09-22T18:20:00.0450513Z ##[group]Run python -c "import yaml; print('name=' + yaml.safe_load(open('config/data-services.yaml'))['storage']['backend'])" >> "$GITHUB_OUTPUT"
collect	UNKNOWN STEP	2026-09-22T18:20:00.0451601Z ^[[36;1mpython -c "import yaml; print('name=' + yaml.safe_load(open('config/data-services.yaml'))['storage']['backend'])" >> "$GITHUB_OUTPUT"^[[0m
collect	UNKNOWN STEP	2026-09-22T18:20:00.0490913Z shell: /usr/bin/bash --noprofile --norc -e -o pipefail {0}
collect	UNKNOWN STEP	2026-09-22T18:20:00.0491453Z env:
collect	UNKNOWN STEP	2026-09-22T18:20:00.0492224Z   MONGODB_URI: ***
collect	UNKNOWN STEP	2026-09-22T18:20:00.0492504Z   JOBINTEL_DATABASE_NAME: job_intelligence
collect	UNKNOWN STEP	2026-09-22T18:20:00.0492847Z   ADZUNA_APP_ID: ***
collect	UNKNOWN STEP	2026-09-22T18:20:00.0493161Z   ADZUNA_APP_KEY: ***
collect	UNKNOWN STEP	2026-09-22T18:20:00.0493552Z   CLEANJOBDATA_API_KEY: ***
collect	UNKNOWN STEP	2026-09-22T18:20:00.0494154Z   JOOBLE_API_KEY: ***
collect	UNKNOWN STEP	2026-09-22T18:20:00.0494680Z   TELEGRAM_BOT_TOKEN: ***
collect	UNKNOWN STEP	2026-09-22T18:20:00.0494969Z   TELEGRAM_CHAT_ID: ***
collect	UNKNOWN STEP	2026-09-22T18:20:00.0495233Z   JOBINTEL_COLLECTION_LIMIT: 100
collect	UNKNOWN STEP	2026-09-22T18:20:00.0495626Z   pythonLocation: /opt/hostedtoolcache/Python/3.11.16/x64
collect	UNKNOWN STEP	2026-09-22T18:20:00.0496105Z   PKG_CONFIG_PATH: /opt/hostedtoolcache/Python/3.11.16/x64/lib/pkgconfig
collect	UNKNOWN STEP	2026-09-22T18:20:00.0496568Z   Python_ROOT_DIR: /opt/hostedtoolcache/Python/3.11.16/x64
collect	UNKNOWN STEP	2026-09-22T18:20:00.0496990Z   Python2_ROOT_DIR: /opt/hostedtoolcache/Python/3.11.16/x64
collect	UNKNOWN STEP	2026-09-22T18:20:00.0497411Z   Python3_ROOT_DIR: /opt/hostedtoolcache/Python/3.11.16/x64
collect	UNKNOWN STEP	2026-09-22T18:20:00.0497846Z   LD_LIBRARY_PATH: /opt/hostedtoolcache/Python/3.11.16/x64/lib
collect	UNKNOWN STEP	2026-09-22T18:20:00.0498216Z ##[endgroup]
collect	UNKNOWN STEP	2026-09-22T18:20:00.1038517Z ##[group]Run python -m jobintel.atlas_network grant
collect	UNKNOWN STEP	2026-09-22T18:20:00.1038975Z ^[[36;1mpython -m jobintel.atlas_network grant^[[0m
collect	UNKNOWN STEP	2026-09-22T18:20:00.1076070Z shell: /usr/bin/bash -e {0}
collect	UNKNOWN STEP	2026-09-22T18:20:00.1076373Z env:
collect	UNKNOWN STEP	2026-09-22T18:20:00.1077194Z   MONGODB_URI: ***
collect	UNKNOWN STEP	2026-09-22T18:20:00.1077480Z   JOBINTEL_DATABASE_NAME: job_intelligence
collect	UNKNOWN STEP	2026-09-22T18:20:00.1077825Z   ADZUNA_APP_ID: ***
collect	UNKNOWN STEP	2026-09-22T18:20:00.1078145Z   ADZUNA_APP_KEY: ***
collect	UNKNOWN STEP	2026-09-22T18:20:00.1078532Z   CLEANJOBDATA_API_KEY: ***
collect	UNKNOWN STEP	2026-09-22T18:20:00.1078888Z   JOOBLE_API_KEY: ***
collect	UNKNOWN STEP	2026-09-22T18:20:00.1079327Z   TELEGRAM_BOT_TOKEN: ***
collect	UNKNOWN STEP	2026-09-22T18:20:00.1079623Z   TELEGRAM_CHAT_ID: ***
collect	UNKNOWN STEP	2026-09-22T18:20:00.1079895Z   JOBINTEL_COLLECTION_LIMIT: 100
collect	UNKNOWN STEP	2026-09-22T18:20:00.1080275Z   pythonLocation: /opt/hostedtoolcache/Python/3.11.16/x64
collect	UNKNOWN STEP	2026-09-22T18:20:00.1080784Z   PKG_CONFIG_PATH: /opt/hostedtoolcache/Python/3.11.16/x64/lib/pkgconfig
collect	UNKNOWN STEP	2026-09-22T18:20:00.1081334Z   Python_ROOT_DIR: /opt/hostedtoolcache/Python/3.11.16/x64
collect	UNKNOWN STEP	2026-09-22T18:20:00.1081794Z   Python2_ROOT_DIR: /opt/hostedtoolcache/Python/3.11.16/x64
collect	UNKNOWN STEP	2026-09-22T18:20:00.1082244Z   Python3_ROOT_DIR: /opt/hostedtoolcache/Python/3.11.16/x64
collect	UNKNOWN STEP	2026-09-22T18:20:00.1082705Z   LD_LIBRARY_PATH: /opt/hostedtoolcache/Python/3.11.16/x64/lib
collect	UNKNOWN STEP	2026-09-22T18:20:00.1083124Z   ATLAS_PROJECT_ID: 6ab1990fae80ab3835f56121
collect	UNKNOWN STEP	2026-09-22T18:20:00.1083521Z   ATLAS_CLIENT_ID: ***
collect	UNKNOWN STEP	2026-09-22T18:20:00.1084251Z   ATLAS_CLIENT_SECRET: ***
collect	UNKNOWN STEP	2026-09-22T18:20:00.1084547Z ##[endgroup]
collect	UNKNOWN STEP	2026-09-22T18:20:02.1179308Z Atlas runner access grant verified
collect	UNKNOWN STEP	2026-09-22T18:20:02.1333744Z ##[group]Run bash .github/scripts/verify-shared-storage.sh
collect	UNKNOWN STEP	2026-09-22T18:20:02.1334600Z ^[[36;1mbash .github/scripts/verify-shared-storage.sh^[[0m
collect	UNKNOWN STEP	2026-09-22T18:20:02.1371129Z shell: /usr/bin/bash -e {0}
collect	UNKNOWN STEP	2026-09-22T18:20:02.1371424Z env:
collect	UNKNOWN STEP	2026-09-22T18:20:02.1372357Z   MONGODB_URI: ***
collect	UNKNOWN STEP	2026-09-22T18:20:02.1372664Z   JOBINTEL_DATABASE_NAME: job_intelligence
collect	UNKNOWN STEP	2026-09-22T18:20:02.1373020Z   ADZUNA_APP_ID: ***
collect	UNKNOWN STEP	2026-09-22T18:20:02.1373335Z   ADZUNA_APP_KEY: ***
collect	UNKNOWN STEP	2026-09-22T18:20:02.1373735Z   CLEANJOBDATA_API_KEY: ***
collect	UNKNOWN STEP	2026-09-22T18:20:02.1374380Z   JOOBLE_API_KEY: ***
collect	UNKNOWN STEP	2026-09-22T18:20:02.1374753Z   TELEGRAM_BOT_TOKEN: ***
collect	UNKNOWN STEP	2026-09-22T18:20:02.1375054Z   TELEGRAM_CHAT_ID: ***
collect	UNKNOWN STEP	2026-09-22T18:20:02.1375334Z   JOBINTEL_COLLECTION_LIMIT: 100
collect	UNKNOWN STEP	2026-09-22T18:20:02.1375706Z   pythonLocation: /opt/hostedtoolcache/Python/3.11.16/x64
collect	UNKNOWN STEP	2026-09-22T18:20:02.1376215Z   PKG_CONFIG_PATH: /opt/hostedtoolcache/Python/3.11.16/x64/lib/pkgconfig
collect	UNKNOWN STEP	2026-09-22T18:20:02.1376749Z   Python_ROOT_DIR: /opt/hostedtoolcache/Python/3.11.16/x64
collect	UNKNOWN STEP	2026-09-22T18:20:02.1377220Z   Python2_ROOT_DIR: /opt/hostedtoolcache/Python/3.11.16/x64
collect	UNKNOWN STEP	2026-09-22T18:20:02.1377693Z   Python3_ROOT_DIR: /opt/hostedtoolcache/Python/3.11.16/x64
collect	UNKNOWN STEP	2026-09-22T18:20:02.1378175Z   LD_LIBRARY_PATH: /opt/hostedtoolcache/Python/3.11.16/x64/lib
collect	UNKNOWN STEP	2026-09-22T18:20:02.1378606Z   JOBINTEL_MONGODB_NETWORK_READY: true
collect	UNKNOWN STEP	2026-09-22T18:20:02.1379127Z ##[endgroup]
collect	UNKNOWN STEP	2026-09-22T18:20:08.2715558Z {"backend": "mongodb", "database": "job_intelligence", "replica_set": true, "vacancies": 53, "ok": true}
collect	UNKNOWN STEP	2026-09-22T18:20:08.8004759Z ##[group]Run bash .github/scripts/run-and-report.sh "Collect vacancies" soft python run.py all --lock-timeout-seconds 3600
collect	UNKNOWN STEP	2026-09-22T18:20:08.8005737Z ^[[36;1mbash .github/scripts/run-and-report.sh "Collect vacancies" soft python run.py all --lock-timeout-seconds 3600^[[0m
collect	UNKNOWN STEP	2026-09-22T18:20:08.8042522Z shell: /usr/bin/bash --noprofile --norc -e -o pipefail {0}
collect	UNKNOWN STEP	2026-09-22T18:20:08.8042905Z env:
collect	UNKNOWN STEP	2026-09-22T18:20:08.8043624Z   MONGODB_URI: ***
collect	UNKNOWN STEP	2026-09-22T18:20:08.8044191Z   JOBINTEL_DATABASE_NAME: job_intelligence
collect	UNKNOWN STEP	2026-09-22T18:20:08.8044590Z   ADZUNA_APP_ID: ***
collect	UNKNOWN STEP	2026-09-22T18:20:08.8044914Z   ADZUNA_APP_KEY: ***
collect	UNKNOWN STEP	2026-09-22T18:20:08.8045306Z   CLEANJOBDATA_API_KEY: ***
collect	UNKNOWN STEP	2026-09-22T18:20:08.8045645Z   JOOBLE_API_KEY: ***
collect	UNKNOWN STEP	2026-09-22T18:20:08.8046006Z   TELEGRAM_BOT_TOKEN: ***
collect	UNKNOWN STEP	2026-09-22T18:20:08.8046299Z   TELEGRAM_CHAT_ID: ***
collect	UNKNOWN STEP	2026-09-22T18:20:08.8046563Z   JOBINTEL_COLLECTION_LIMIT: 100
collect	UNKNOWN STEP	2026-09-22T18:20:08.8046916Z   pythonLocation: /opt/hostedtoolcache/Python/3.11.16/x64
collect	UNKNOWN STEP	2026-09-22T18:20:08.8047438Z   PKG_CONFIG_PATH: /opt/hostedtoolcache/Python/3.11.16/x64/lib/pkgconfig
collect	UNKNOWN STEP	2026-09-22T18:20:08.8047926Z   Python_ROOT_DIR: /opt/hostedtoolcache/Python/3.11.16/x64
collect	UNKNOWN STEP	2026-09-22T18:20:08.8048377Z   Python2_ROOT_DIR: /opt/hostedtoolcache/Python/3.11.16/x64
collect	UNKNOWN STEP	2026-09-22T18:20:08.8048809Z   Python3_ROOT_DIR: /opt/hostedtoolcache/Python/3.11.16/x64
collect	UNKNOWN STEP	2026-09-22T18:20:08.8049248Z   LD_LIBRARY_PATH: /opt/hostedtoolcache/Python/3.11.16/x64/lib
collect	UNKNOWN STEP	2026-09-22T18:20:08.8049626Z ##[endgroup]
collect	UNKNOWN STEP	2026-09-22T18:20:29.1899499Z custom: source 'papa-chat' failed: https://pappachat.com/lavora-con-noi/backend-engineer returned HTTP 404
collect	UNKNOWN STEP	2026-09-22T18:40:11.1008528Z arbeitnow: failed to store visiting-gtm-fellow-intern-berlin-229439: MongoDB writer lease expired or was fenced
collect	UNKNOWN STEP	2026-09-22T18:40:11.1029307Z arbeitnow: failed to store people-talent-intern-berlin-373246: MongoDB writer lease was lost
collect	UNKNOWN STEP	2026-09-22T18:40:11.1047056Z arbeitnow: failed to store strategic-finance-berlin-98478: MongoDB writer lease was lost
collect	UNKNOWN STEP	2026-09-22T18:40:11.1066573Z arbeitnow: failed to store capital-markets-associate-berlin-59591: MongoDB writer lease was lost
collect	UNKNOWN STEP	2026-09-22T18:40:11.1087219Z arbeitnow: failed to store machine-learning-consultant-munich-306737: MongoDB writer lease was lost
collect	UNKNOWN STEP	2026-09-22T18:40:11.1102866Z arbeitnow: failed to store agentic-ai-software-engineer-munich-11551: MongoDB writer lease was lost
collect	UNKNOWN STEP	2026-09-22T18:40:11.1120697Z arbeitnow: failed to store senior-hr-generalist-2-year-contract-berlin-169299: MongoDB writer lease was lost
collect	UNKNOWN STEP	2026-09-22T18:40:11.1138479Z arbeitnow: failed to store senior-accountant-heidelberg-119803: MongoDB writer lease was lost
collect	UNKNOWN STEP	2026-09-22T18:40:11.1158175Z arbeitnow: failed to store digital-marketing-manager-schwerpunkt-website-seo-digitale-sichtbarkeit-heidelberg-157408: MongoDB writer lease was lost
collect	UNKNOWN STEP	2026-09-22T18:40:11.1175445Z arbeitnow: failed to store werkstudent-contract-management-heidelberg-310004: MongoDB writer lease was lost
collect	UNKNOWN STEP	2026-09-22T18:40:11.1196825Z arbeitnow: failed to store principal-software-engineer-berlin-33143: MongoDB writer lease was lost
collect	UNKNOWN STEP	2026-09-22T18:40:11.1214518Z arbeitnow: failed to store leiter-supply-chain-office-gudensberg-479204: MongoDB writer lease was lost
collect	UNKNOWN STEP	2026-09-22T18:40:11.1232062Z arbeitnow: failed to store praktikantin-werkstudentin-hr-recruiting-talent-acquisition-leipzig-178944: MongoDB writer lease was lost
collect	UNKNOWN STEP	2026-09-22T18:40:11.1249286Z arbeitnow: failed to store senior-product-developer-candy-confectionery-all-genders-hamburg-office-257343: MongoDB writer lease was lost
collect	UNKNOWN STEP	2026-09-22T18:40:11.1266624Z arbeitnow: failed to store senior-area-sales-manager-hamburg-ost-food-startup-hamburg-office-4117: MongoDB writer lease was lost
collect	UNKNOWN STEP	2026-09-22T18:40:11.1283462Z arbeitnow: failed to store e-commerce-campaign-manager-all-genders-hamburg-office-182580: MongoDB writer lease was lost
collect	UNKNOWN STEP	2026-09-22T18:40:11.1300973Z arbeitnow: failed to store applied-ai-scientist-berlin-459084: MongoDB writer lease was lost
collect	UNKNOWN STEP	2026-09-22T18:40:11.1318916Z arbeitnow: failed to store senior-gtm-strategy-manager-berlin-152695: MongoDB writer lease was lost
collect	UNKNOWN STEP	2026-09-22T18:40:11.1335681Z arbeitnow: failed to store senior-controller-karlsruhe-30063: MongoDB writer lease was lost
collect	UNKNOWN STEP	2026-09-22T18:40:11.1352700Z arbeitnow: failed to store senior-process-engieer-munich-hq-karlsfeld-109718: MongoDB writer lease was lost
collect	UNKNOWN STEP	2026-09-22T18:40:11.1370139Z arbeitnow: failed to store working-student-invoice-checking-hamburg-379499: MongoDB writer lease was lost
collect	UNKNOWN STEP	2026-09-22T18:40:11.1387945Z arbeitnow: failed to store sales-solutions-engineer-emea-bochum-141454: MongoDB writer lease was lost
collect	UNKNOWN STEP	2026-09-22T18:40:11.1406152Z arbeitnow: failed to store senior-software-engineer-risk-management-berlin-297861: MongoDB writer lease was lost
collect	UNKNOWN STEP	2026-09-22T18:40:11.1422804Z arbeitnow: failed to store operations-manager-berlin-394565: MongoDB writer lease was lost
collect	UNKNOWN STEP	2026-09-22T18:40:11.1440471Z arbeitnow: failed to store sr-advisor-ai-transformation-automation-e-commerce-berlin-307570: MongoDB writer lease was lost
collect	UNKNOWN STEP	2026-09-22T18:40:11.1457796Z arbeitnow: failed to store sr-advisor-ai-transformation-automation-e-commerce-karlsruhe-103003: MongoDB writer lease was lost
collect	UNKNOWN STEP	2026-09-22T18:40:11.1481919Z arbeitnow: failed to store content-marketing-manager-all-genders-berlin-176252: MongoDB writer lease was lost
collect	UNKNOWN STEP	2026-09-22T18:40:11.1500225Z arbeitnow: failed to store technischer-property-manager-bestandsimmobilien-in-der-region-sachsen-sachsen-anhalt-brandenburg-100-remote-bis-75k-eur-jahresgehalt-inkl-249141: MongoDB writer lease was lost
collect	UNKNOWN STEP	2026-09-22T18:40:11.1517278Z arbeitnow: failed to store medical-equipment-and-device-service-technician-engineer-berlin-germany-349438: MongoDB writer lease was lost
collect	UNKNOWN STEP	2026-09-22T18:40:11.1534745Z arbeitnow: failed to store asset-manager-kaufmannischer-portfolio-manager-fur-erneuerbare-energien-commercial-finance-hamburg-224624: MongoDB writer lease was lost
collect	UNKNOWN STEP	2026-09-22T18:40:11.1552002Z arbeitnow: failed to store senior-baumanager-wind-senior-construction-manager-wind-hamburg-253545: MongoDB writer lease was lost
collect	UNKNOWN STEP	2026-09-22T18:40:11.1568858Z arbeitnow: failed to store senior-full-stack-developer-backend-focus-munich-79328: MongoDB writer lease was lost
collect	UNKNOWN STEP	2026-09-22T18:40:11.1586401Z arbeitnow: failed to store servicetechniker-cnc-dreh-und-frasmaschinen-rhein-main-55000-eur-firmenwagen-wiesbaden-257095: MongoDB writer lease was lost
collect	UNKNOWN STEP	2026-09-22T18:40:11.1602639Z arbeitnow: failed to store service-desk-mitarbeiter-wiesbaden-17010: MongoDB writer lease was lost
collect	UNKNOWN STEP	2026-09-22T18:40:11.1644804Z arbeitnow: failed to store country-manager-software-unternehmen-private-equity-munich-227988: MongoDB writer lease was lost
collect	UNKNOWN STEP	2026-09-22T18:40:11.1661777Z arbeitnow: failed to store teamleiter-im-finanzvertrieb-german-speaking-celle-374691: MongoDB writer lease was lost
collect	UNKNOWN STEP	2026-09-22T18:40:11.1678811Z arbeitnow: failed to store b2b-marketing-working-student-mwd-berlin-191269: MongoDB writer lease was lost
collect	UNKNOWN STEP	2026-09-22T18:40:11.1696285Z arbeitnow: failed to store praktikum-human-resources-ab-anfang-oktober-stuttgart-209996: MongoDB writer lease was lost
collect	UNKNOWN STEP	2026-09-22T18:40:11.1713138Z arbeitnow: failed to store mitarbeiter-datenmanagement-ki-dortmund-83493: MongoDB writer lease was lost
collect	UNKNOWN STEP	2026-09-22T18:40:11.1730569Z arbeitnow: failed to store senior-custody-operations-manager-berlin-berlin-94404: MongoDB writer lease was lost
collect	UNKNOWN STEP	2026-09-22T18:40:11.1747732Z arbeitnow: failed to store strategic-core-account-executive-insurance-munich-10527: MongoDB writer lease was lost
collect	UNKNOWN STEP	2026-09-22T18:40:11.1764599Z arbeitnow: failed to store strategic-core-account-executive-banking-munich-376351: MongoDB writer lease was lost
collect	UNKNOWN STEP	2026-09-22T18:40:11.1782008Z arbeitnow: failed to store director-strategic-accounts-logistics-tech-munich-402703: MongoDB writer lease was lost
collect	UNKNOWN STEP	2026-09-22T18:40:11.1798770Z API usage log error: MongoDB writer lease was lost
collect	UNKNOWN STEP	2026-09-22T18:40:11.1816116Z ashby: failed to store f4703dee-3e96-4979-b1e6-b8925e1bd7a3: MongoDB writer lease was lost
collect	UNKNOWN STEP	2026-09-22T18:40:11.1832937Z ashby: failed to store 7458d4e9-da2e-47bd-98cb-adfda43d42b2: MongoDB writer lease was lost
collect	UNKNOWN STEP	2026-09-22T18:40:11.1850482Z ashby: failed to store 3b9b0141-86e7-46b2-b6b4-ed039b84cdc4: MongoDB writer lease was lost
collect	UNKNOWN STEP	2026-09-22T18:40:11.1867504Z ashby: failed to store c3c7125d-7883-4dff-a2bf-f5a55de4a364: MongoDB writer lease was lost
collect	UNKNOWN STEP	2026-09-22T18:40:11.1884194Z ashby: failed to store fa001346-ea81-41b2-bfbe-2271d3faac1a: MongoDB writer lease was lost
collect	UNKNOWN STEP	2026-09-22T18:40:11.1901228Z ashby: failed to store ff1a1098-64eb-4cf8-aa17-780a667905df: MongoDB writer lease was lost
collect	UNKNOWN STEP	2026-09-22T18:40:11.1918335Z ashby: failed to store 15a9b547-ec89-4e43-a0e3-d2d9e34c5357: MongoDB writer lease was lost
collect	UNKNOWN STEP	2026-09-22T18:40:11.1935044Z ashby: failed to store ed0a0ae4-5b76-4bfa-8957-a4825978da81: MongoDB writer lease was lost
collect	UNKNOWN STEP	2026-09-22T18:40:11.1952062Z ashby: failed to store 5c30cec1-4019-4f5e-86e3-1fb6ae0882f0: MongoDB writer lease was lost
collect	UNKNOWN STEP	2026-09-22T18:40:11.1969230Z ashby: failed to store ebffb0f9-dbdd-4e65-a1ea-efe5add8a1cb: MongoDB writer lease was lost
collect	UNKNOWN STEP	2026-09-22T18:40:11.1986924Z ashby: failed to store 002b4429-c38d-4db5-805f-6cbf97aa6118: MongoDB writer lease was lost
collect	UNKNOWN STEP	2026-09-22T18:40:11.2003858Z ashby: failed to store ea8efc33-c7b8-4b88-826c-3dca17c3aa47: MongoDB writer lease was lost
collect	UNKNOWN STEP	2026-09-22T18:40:11.2021299Z ashby: failed to store 45744663-4768-48d1-81c9-218eb54a2027: MongoDB writer lease was lost
collect	UNKNOWN STEP	2026-09-22T18:40:11.2038339Z ashby: failed to store 47b4fbeb-c796-478b-8645-d25686e084bb: MongoDB writer lease was lost
collect	UNKNOWN STEP	2026-09-22T18:40:11.2055199Z ashby: failed to store 424a7547-f4ba-4dc6-acd1-9b0da74872fd: MongoDB writer lease was lost
collect	UNKNOWN STEP	2026-09-22T18:40:11.2072049Z ashby: failed to store 8b74b5c9-3798-40ff-9fa7-9db74e54c2aa: MongoDB writer lease was lost
collect	UNKNOWN STEP	2026-09-22T18:40:11.2089142Z ashby: failed to store f97f126b-a3db-41ce-bf91-63f8f4400cda: MongoDB writer lease was lost
collect	UNKNOWN STEP	2026-09-22T18:40:11.2105911Z ashby: failed to store f1e38957-2927-41d6-8e77-dcf77b498931: MongoDB writer lease was lost
collect	UNKNOWN STEP	2026-09-22T18:40:11.2123037Z ashby: failed to store cdbd208a-2e6f-46ab-ae46-f9edc5f1d4c1: MongoDB writer lease was lost
collect	UNKNOWN STEP	2026-09-22T18:40:11.2140127Z ashby: failed to store 01a49e81-494b-4b54-84c9-2b2c1c8690d0: MongoDB writer lease was lost
collect	UNKNOWN STEP	2026-09-22T18:40:11.2157165Z ashby: failed to store 7487e169-446f-4ca6-9f52-05b4280e5a47: MongoDB writer lease was lost
collect	UNKNOWN STEP	2026-09-22T18:40:11.2174010Z ashby: failed to store 794356e3-dcd9-4fdc-863a-f703feaf148c: MongoDB writer lease was lost
collect	UNKNOWN STEP	2026-09-22T18:40:11.2191262Z ashby: failed to store 8bed4693-6d80-421c-8d64-5fd6bfc02096: MongoDB writer lease was lost
collect	UNKNOWN STEP	2026-09-22T18:40:11.2208302Z ashby: failed to store 87609fe0-c20a-476c-9f8b-ffc3f92c9cb5: MongoDB writer lease was lost
collect	UNKNOWN STEP	2026-09-22T18:40:11.2225271Z ashby: failed to store 4573eb39-e9fc-40ba-aae2-83f82b33afc0: MongoDB writer lease was lost
collect	UNKNOWN STEP	2026-09-22T18:40:11.2331181Z ashby: failed to store d65851c8-6737-4d0c-910c-27f37e93433b: MongoDB writer lease was lost
collect	UNKNOWN STEP	2026-09-22T18:40:11.2348243Z ashby: failed to store 71df2660-c15b-43da-a586-349d951dea17: MongoDB writer lease was lost
collect	UNKNOWN STEP	2026-09-22T18:40:11.2364697Z ashby: failed to store 34fee32d-2a5a-4709-b31f-b3b0219dcdc4: MongoDB writer lease was lost
collect	UNKNOWN STEP	2026-09-22T18:40:11.2381469Z API usage log error: MongoDB writer lease was lost
collect	UNKNOWN STEP	2026-09-22T18:40:11.2398415Z API usage log error: MongoDB writer lease was lost
collect	UNKNOWN STEP	2026-09-22T18:40:11.2467133Z custom: failed to store url-sha256:b7df46ad1919f5248243069c4f213403655822e2c8aba9231921912bfa5d17be: MongoDB writer lease was lost
collect	UNKNOWN STEP	2026-09-22T18:40:11.2657576Z custom: failed to store url-sha256:28228997b29d7eac1b53506781e2718c51915278131b1cffb457ef13104eba9a: MongoDB writer lease was lost
collect	UNKNOWN STEP	2026-09-22T18:40:11.2815192Z custom: failed to store url-sha256:b0956838c7a23c0ca9c8830f94f3659b9aa1fe378c54a2f40cf20403e35b5229: MongoDB writer lease was lost
collect	UNKNOWN STEP	2026-09-22T18:40:11.2967414Z custom: failed to store url-sha256:c8c8df7ce24c7f9019ada8ace033310fa13edae5cfcc06bbb4ab49254fa5c88b: MongoDB writer lease was lost
collect	UNKNOWN STEP	2026-09-22T18:40:11.3066369Z custom: failed to store url-sha256:8c70a6e039f1dafaf2689484969033a6fe7350dafae36749719b5810f87f8971: MongoDB writer lease was lost
collect	UNKNOWN STEP	2026-09-22T18:40:11.3089652Z custom: failed to store url-sha256:e4a7c60aec88ac8687cffa838daeadcb49b9d7d07241ffee2fc7c4e143bf16ac: MongoDB writer lease was lost
collect	UNKNOWN STEP	2026-09-22T18:40:11.3116395Z custom: failed to store url-sha256:661fb62407eecc5847ddce2610f124941f4b49df559cd287a5992a0b213ac735: MongoDB writer lease was lost
collect	UNKNOWN STEP	2026-09-22T18:40:11.3144072Z custom: failed to store url-sha256:ee0f2311dd4809e145aea148432190f2082abab510b380bec69bc9b615f117ac: MongoDB writer lease was lost
collect	UNKNOWN STEP	2026-09-22T18:40:11.3169520Z custom: failed to store url-sha256:340cb6c96f7f4aba26964daa8c3cfafa5c474e45ef482966227efd49a883faee: MongoDB writer lease was lost
collect	UNKNOWN STEP	2026-09-22T18:40:11.3196727Z custom: failed to store url-sha256:9b0b90188d89f6fb0ae5209aacf8d4392f9b6989951124454a746cdea4e3fac8: MongoDB writer lease was lost
collect	UNKNOWN STEP	2026-09-22T18:40:11.3224049Z custom: failed to store url-sha256:97d159c701601daf6a476c1eebc26307ad9fac0c61630d5bc010610117fdfd35: MongoDB writer lease was lost
collect	UNKNOWN STEP	2026-09-22T18:40:11.3241566Z custom: failed to store url-sha256:b37172b7ff4cfdb3362455db2326e62c928377cbdb3c301950863873581f13e3: MongoDB writer lease was lost
collect	UNKNOWN STEP	2026-09-22T18:40:11.3272468Z custom: failed to store url-sha256:79974a3f7cf079c7a2e9a45ea06162f980ad8ad1a417d0e8e0e297347a2683ac: MongoDB writer lease was lost
collect	UNKNOWN STEP	2026-09-22T18:40:11.3430129Z custom: failed to store url-sha256:fd1cfc9a8b88cb415e64fe88c22f34c3279cd137b67c377a1eaeb53752809cd2: MongoDB writer lease was lost
collect	UNKNOWN STEP	2026-09-22T18:40:11.3457901Z custom: failed to store url-sha256:8e48dac0461e3b313017259f96f0ea39ae5a0d80ca44488dae6d0ca7e161e4ff: MongoDB writer lease was lost
collect	UNKNOWN STEP	2026-09-22T18:40:11.3502743Z custom: failed to store url-sha256:02d95b446723aaba3a3955079f8fc6c49d1007e4cbe9aa46c06248b2813e32c4: MongoDB writer lease was lost
collect	UNKNOWN STEP	2026-09-22T18:40:11.3522379Z custom: failed to store url-sha256:8e563cdcc7bda26b1af354e020cf40dd9fc72055c97178f6659f13c1311a0c4b: MongoDB writer lease was lost
collect	UNKNOWN STEP	2026-09-22T18:40:11.3544166Z custom: failed to store url-sha256:d882bb9530a7006bbd5abcea928a115faefc8809dd693d5afdbde0c3afac5a86: MongoDB writer lease was lost
collect	UNKNOWN STEP	2026-09-22T18:40:11.3728928Z custom: failed to store url-sha256:e6dd2235ddb23e36d5b6685820d7d7f25e3488b65850179163742d1a196f81a5: MongoDB writer lease was lost
collect	UNKNOWN STEP	2026-09-22T18:40:11.3795523Z custom: failed to store url-sha256:d7588490ec976c2fff01f6a291a236b1dc486a43274b931b162a22751bdc1e2e: MongoDB writer lease was lost
collect	UNKNOWN STEP	2026-09-22T18:40:11.3871121Z custom: failed to store url-sha256:b4486af65e52b40db78a7508d7501277cda2b77ea3dad94865dae0c8fdc4312d: MongoDB writer lease was lost
collect	UNKNOWN STEP	2026-09-22T18:40:11.3970746Z custom: failed to store url-sha256:559376fb896a7ee982dde50bf822f25dae1badb06fedceb1e235b2ffe6f54a76: MongoDB writer lease was lost
collect	UNKNOWN STEP	2026-09-22T18:40:11.4039409Z custom: failed to store url-sha256:a099b6bbc61f13ed3533196c1b1d4f19470c0dd9f91d7d7a92b4fa9aba5307fa: MongoDB writer lease was lost
collect	UNKNOWN STEP	2026-09-22T18:40:11.4120537Z custom: failed to store url-sha256:0f7cc8c67738be1d0f64381fe7836e2d708f2ff987489c70c45cca0eb5fcb85f: MongoDB writer lease was lost
collect	UNKNOWN STEP	2026-09-22T18:40:11.4193402Z custom: failed to store url-sha256:49bbec6c890fde1f4ebd48f30eb53c03fe4f43b6ae736da8f444512636212fa5: MongoDB writer lease was lost
collect	UNKNOWN STEP	2026-09-22T18:40:11.4271889Z custom: failed to store url-sha256:8962c9b4c97459d6d9e5307396cea7d318751dbba56911a6e09905a88c8dafc0: MongoDB writer lease was lost
collect	UNKNOWN STEP	2026-09-22T18:40:11.4345441Z custom: failed to store url-sha256:fdb3dac5174a50b04565caf9994a88031da01f5ee003578d96ff7e9eefdc21ee: MongoDB writer lease was lost
collect	UNKNOWN STEP	2026-09-22T18:40:11.4425662Z custom: failed to store url-sha256:a7c00120cf05f10ba29fe04ee0d671e014acea67a515130ea9a39b9dca897024: MongoDB writer lease was lost
collect	UNKNOWN STEP	2026-09-22T18:40:11.4499885Z custom: failed to store url-sha256:2c9c58191d7260dbeb1e04d5a08725e005df71e8de02970019d81ec3e9665fc7: MongoDB writer lease was lost
collect	UNKNOWN STEP	2026-09-22T18:40:11.4612374Z custom: failed to store url-sha256:1ae0eb32af21d62852265c21c1435ae1d4775996b29bf94ee41b5062f03a3ab6: MongoDB writer lease was lost
collect	UNKNOWN STEP	2026-09-22T18:40:11.4649030Z custom: failed to store url-sha256:fbb0f262aceb1973c5df65c4060b5a7e4e9abd390ba94a587572483c76da35e2: MongoDB writer lease was lost
collect	UNKNOWN STEP	2026-09-22T18:40:11.4994882Z custom: failed to store url-sha256:35a62db04c0423e0f369d79483b50f220fd8f39a2c68637390c50e1bb6aa2cf9: MongoDB writer lease was lost
collect	UNKNOWN STEP	2026-09-22T18:40:11.5044849Z custom: failed to store url-sha256:6d4f1425bd9e6cf84ec89c704eaaa5d540684683d6fdd4084f9734072648e9a9: MongoDB writer lease was lost
collect	UNKNOWN STEP	2026-09-22T18:40:11.5101476Z custom: failed to store url-sha256:b56ae7db5133ad4a2a5298df93d821d068e1a6823ccfd15da6b3302826dfd6de: MongoDB writer lease was lost
collect	UNKNOWN STEP	2026-09-22T18:40:11.5117918Z API usage log error: MongoDB writer lease was lost
collect	UNKNOWN STEP	2026-09-22T18:40:11.5135201Z dou: failed to store 368864: MongoDB writer lease was lost
collect	UNKNOWN STEP	2026-09-22T18:40:11.5151990Z dou: failed to store 332846: MongoDB writer lease was lost
collect	UNKNOWN STEP	2026-09-22T18:40:11.5233514Z dou: failed to store 374232: MongoDB writer lease was lost
collect	UNKNOWN STEP	2026-09-22T18:40:11.5290438Z dou: failed to store 374231: MongoDB writer lease was lost
collect	UNKNOWN STEP	2026-09-22T18:40:11.5339133Z dou: failed to store 370601: MongoDB writer lease was lost
collect	UNKNOWN STEP	2026-09-22T18:40:11.5387209Z dou: failed to store 370711: MongoDB writer lease was lost
collect	UNKNOWN STEP	2026-09-22T18:40:11.5456327Z dou: failed to store 374149: MongoDB writer lease was lost
collect	UNKNOWN STEP	2026-09-22T18:40:11.5550450Z dou: failed to store 374116: MongoDB writer lease was lost
collect	UNKNOWN STEP	2026-09-22T18:40:11.5647866Z dou: failed to store 374074: MongoDB writer lease was lost
collect	UNKNOWN STEP	2026-09-22T18:40:11.5745120Z dou: failed to store 374027: MongoDB writer lease was lost
collect	UNKNOWN STEP	2026-09-22T18:40:11.5778871Z dou: failed to store 374023: MongoDB writer lease was lost
collect	UNKNOWN STEP	2026-09-22T18:40:11.5811675Z dou: failed to store 366780: MongoDB writer lease was lost
collect	UNKNOWN STEP	2026-09-22T18:40:11.5887287Z dou: failed to store 373852: MongoDB writer lease was lost
collect	UNKNOWN STEP	2026-09-22T18:40:11.5967727Z dou: failed to store 356776: MongoDB writer lease was lost
collect	UNKNOWN STEP	2026-09-22T18:40:11.6051747Z dou: failed to store 373781: MongoDB writer lease was lost
collect	UNKNOWN STEP	2026-09-22T18:40:11.6100131Z dou: failed to store 351948: MongoDB writer lease was lost
collect	UNKNOWN STEP	2026-09-22T18:40:11.6142410Z dou: failed to store 373507: MongoDB writer lease was lost
collect	UNKNOWN STEP	2026-09-22T18:40:11.6159523Z dou: failed to store 300514: MongoDB writer lease was lost
collect	UNKNOWN STEP	2026-09-22T18:40:11.6176715Z dou: failed to store 326665: MongoDB writer lease was lost
collect	UNKNOWN STEP	2026-09-22T18:40:11.6193565Z dou: failed to store 373355: MongoDB writer lease was lost
collect	UNKNOWN STEP	2026-09-22T18:40:11.6210960Z dou: failed to store 256297: MongoDB writer lease was lost
collect	UNKNOWN STEP	2026-09-22T18:40:11.6246918Z dou: failed to store 373945: MongoDB writer lease was lost
collect	UNKNOWN STEP	2026-09-22T18:40:11.6296775Z dou: failed to store 373917: MongoDB writer lease was lost
collect	UNKNOWN STEP	2026-09-22T18:40:11.6318356Z dou: failed to store 352752: MongoDB writer lease was lost
collect	UNKNOWN STEP	2026-09-22T18:40:11.6392365Z dou: failed to store 373659: MongoDB writer lease was lost
collect	UNKNOWN STEP	2026-09-22T18:40:11.6480591Z dou: failed to store 373559: MongoDB writer lease was lost
collect	UNKNOWN STEP	2026-09-22T18:40:11.6555665Z dou: failed to store 364821: MongoDB writer lease was lost
collect	UNKNOWN STEP	2026-09-22T18:40:11.6572529Z dou: failed to store 357580: MongoDB writer lease was lost
collect	UNKNOWN STEP	2026-09-22T18:40:11.6589705Z dou: failed to store 311681: MongoDB writer lease was lost
collect	UNKNOWN STEP	2026-09-22T18:40:11.6606762Z dou: failed to store 373210: MongoDB writer lease was lost
collect	UNKNOWN STEP	2026-09-22T18:40:11.6623355Z dou: failed to store 373206: MongoDB writer lease was lost
collect	UNKNOWN STEP	2026-09-22T18:40:11.6640491Z dou: failed to store 372966: MongoDB writer lease was lost
collect	UNKNOWN STEP	2026-09-22T18:40:11.6657537Z dou: failed to store 368105: MongoDB writer lease was lost
collect	UNKNOWN STEP	2026-09-22T18:40:11.6674207Z dou: failed to store 372750: MongoDB writer lease was lost
collect	UNKNOWN STEP	2026-09-22T18:40:11.6691048Z dou: failed to store 372717: MongoDB writer lease was lost
collect	UNKNOWN STEP	2026-09-22T18:40:11.6707912Z dou: failed to store 359133: MongoDB writer lease was lost
collect	UNKNOWN STEP	2026-09-22T18:40:11.6724832Z dou: failed to store 368649: MongoDB writer lease was lost
collect	UNKNOWN STEP	2026-09-22T18:40:11.6741707Z dou: failed to store 372364: MongoDB writer lease was lost
collect	UNKNOWN STEP	2026-09-22T18:40:11.6758375Z dou: failed to store 372336: MongoDB writer lease was lost
collect	UNKNOWN STEP	2026-09-22T18:40:11.6775150Z API usage log error: MongoDB writer lease was lost
collect	UNKNOWN STEP	2026-09-22T18:40:11.6791755Z greenhouse: failed to store 6202561004: MongoDB writer lease was lost
collect	UNKNOWN STEP	2026-09-22T18:40:11.6808342Z greenhouse: failed to store 6202563004: MongoDB writer lease was lost
collect	UNKNOWN STEP	2026-09-22T18:40:11.6824707Z greenhouse: failed to store 6202560004: MongoDB writer lease was lost
collect	UNKNOWN STEP	2026-09-22T18:40:11.6841610Z greenhouse: failed to store 6202558004: MongoDB writer lease was lost
collect	UNKNOWN STEP	2026-09-22T18:40:11.6858528Z greenhouse: failed to store 6202562004: MongoDB writer lease was lost
collect	UNKNOWN STEP	2026-09-22T18:40:11.6875275Z greenhouse: failed to store 6202750004: MongoDB writer lease was lost
collect	UNKNOWN STEP	2026-09-22T18:40:11.6891694Z greenhouse: failed to store 6202749004: MongoDB writer lease was lost
collect	UNKNOWN STEP	2026-09-22T18:40:11.6908158Z greenhouse: failed to store 6202746004: MongoDB writer lease was lost
collect	UNKNOWN STEP	2026-09-22T18:40:11.6924625Z greenhouse: failed to store 6202748004: MongoDB writer lease was lost
collect	UNKNOWN STEP	2026-09-22T18:40:11.6941253Z greenhouse: failed to store 6202751004: MongoDB writer lease was lost
collect	UNKNOWN STEP	2026-09-22T18:40:11.6958148Z greenhouse: failed to store 6123193004: MongoDB writer lease was lost
collect	UNKNOWN STEP	2026-09-22T18:40:11.6974554Z greenhouse: failed to store 6123195004: MongoDB writer lease was lost
collect	UNKNOWN STEP	2026-09-22T18:40:11.6991256Z greenhouse: failed to store 6123197004: MongoDB writer lease was lost
collect	UNKNOWN STEP	2026-09-22T18:40:11.7008081Z greenhouse: failed to store 6123196004: MongoDB writer lease was lost
collect	UNKNOWN STEP	2026-09-22T18:40:11.7024544Z greenhouse: failed to store 6200723004: MongoDB writer lease was lost
collect	UNKNOWN STEP	2026-09-22T18:40:11.7041221Z greenhouse: failed to store 6200726004: MongoDB writer lease was lost
collect	UNKNOWN STEP	2026-09-22T18:40:11.7057834Z greenhouse: failed to store 6200731004: MongoDB writer lease was lost
collect	UNKNOWN STEP	2026-09-22T18:40:11.7074280Z greenhouse: failed to store 6200725004: MongoDB writer lease was lost
collect	UNKNOWN STEP	2026-09-22T18:40:11.7090897Z greenhouse: failed to store 6200798004: MongoDB writer lease was lost
collect	UNKNOWN STEP	2026-09-22T18:40:11.7107634Z greenhouse: failed to store 6200793004: MongoDB writer lease was lost
collect	UNKNOWN STEP	2026-09-22T18:40:11.7124036Z greenhouse: failed to store 6200721004: MongoDB writer lease was lost
collect	UNKNOWN STEP	2026-09-22T18:40:11.7140874Z greenhouse: failed to store 6105872004: MongoDB writer lease was lost
collect	UNKNOWN STEP	2026-09-22T18:40:11.7157605Z greenhouse: failed to store 6105874004: MongoDB writer lease was lost
collect	UNKNOWN STEP	2026-09-22T18:40:11.7173965Z greenhouse: failed to store 6105873004: MongoDB writer lease was lost
collect	UNKNOWN STEP	2026-09-22T18:40:11.7190782Z greenhouse: failed to store 6105876004: MongoDB writer lease was lost
collect	UNKNOWN STEP	2026-09-22T18:40:11.7207539Z greenhouse: failed to store 6200027004: MongoDB writer lease was lost
collect	UNKNOWN STEP	2026-09-22T18:40:11.7224074Z greenhouse: failed to store 6200026004: MongoDB writer lease was lost
collect	UNKNOWN STEP	2026-09-22T18:40:11.7240914Z greenhouse: failed to store 6200023004: MongoDB writer lease was lost
collect	UNKNOWN STEP	2026-09-22T18:40:11.7257858Z greenhouse: failed to store 6200025004: MongoDB writer lease was lost
collect	UNKNOWN STEP	2026-09-22T18:40:11.7274408Z greenhouse: failed to store 6200028004: MongoDB writer lease was lost
collect	UNKNOWN STEP	2026-09-22T18:40:11.7291170Z greenhouse: failed to store 6103688004: MongoDB writer lease was lost
collect	UNKNOWN STEP	2026-09-22T18:40:11.7308051Z greenhouse: failed to store 6107502004: MongoDB writer lease was lost
collect	UNKNOWN STEP	2026-09-22T18:40:11.7324522Z greenhouse: failed to store 6103685004: MongoDB writer lease was lost
collect	UNKNOWN STEP	2026-09-22T18:40:11.7342006Z greenhouse: failed to store 6103687004: MongoDB writer lease was lost
collect	UNKNOWN STEP	2026-09-22T18:40:11.7358876Z greenhouse: failed to store 6101637004: MongoDB writer lease was lost
collect	UNKNOWN STEP	2026-09-22T18:40:11.7375461Z greenhouse: failed to store 6112829004: MongoDB writer lease was lost
collect	UNKNOWN STEP	2026-09-22T18:40:11.7391889Z greenhouse: failed to store 6112828004: MongoDB writer lease was lost
collect	UNKNOWN STEP	2026-09-22T18:40:11.7408596Z greenhouse: failed to store 6112824004: MongoDB writer lease was lost
collect	UNKNOWN STEP	2026-09-22T18:40:11.7425074Z greenhouse: failed to store 6112827004: MongoDB writer lease was lost
collect	UNKNOWN STEP	2026-09-22T18:40:11.7441502Z greenhouse: failed to store 6112830004: MongoDB writer lease was lost
collect	UNKNOWN STEP	2026-09-22T18:40:11.7458363Z API usage log error: MongoDB writer lease was lost
collect	UNKNOWN STEP	2026-09-22T18:40:11.7484241Z himalayas: failed to store https://himalayas.app/companies/heritage-holdings/jobs/senior-software-engineer: MongoDB writer lease was lost
collect	UNKNOWN STEP	2026-09-22T18:40:11.7552715Z himalayas: failed to store https://himalayas.app/companies/bryq/jobs/senior-software-engineer: MongoDB writer lease was lost
collect	UNKNOWN STEP	2026-09-22T18:40:11.7602294Z himalayas: failed to store https://himalayas.app/companies/canonical/jobs/senior-software-engineer-maas: MongoDB writer lease was lost
collect	UNKNOWN STEP	2026-09-22T18:40:11.7727368Z himalayas: failed to store https://himalayas.app/companies/amplemarket/jobs/senior-backend-software-engineer: MongoDB writer lease was lost
collect	UNKNOWN STEP	2026-09-22T18:40:11.7769217Z himalayas: failed to store https://himalayas.app/companies/exelab-s-r-l/jobs/software-engineer-ai-agent-platform-polyant: MongoDB writer lease was lost
collect	UNKNOWN STEP	2026-09-22T18:40:11.7860260Z himalayas: failed to store https://himalayas.app/companies/blueworks-ag/jobs/688-python-backend-engineer-comms-core: MongoDB writer lease was lost
collect	UNKNOWN STEP	2026-09-22T18:40:11.7958084Z himalayas: failed to store https://himalayas.app/companies/block-labs/jobs/staff-software-engineer-golang-404954195: MongoDB writer lease was lost
collect	UNKNOWN STEP	2026-09-22T18:40:11.7975546Z himalayas: failed to store https://himalayas.app/companies/weroad/jobs/senior-full-stack-product-engineer-freelance: MongoDB writer lease was lost
collect	UNKNOWN STEP	2026-09-22T18:40:11.7992401Z himalayas: failed to store https://himalayas.app/companies/it-labs/jobs/senior-test-engineer: MongoDB writer lease was lost
collect	UNKNOWN STEP	2026-09-22T18:40:11.8010086Z himalayas: failed to store https://himalayas.app/companies/hostaway/jobs/senior-backend-engineer-ai-platform-100-remote-emea: MongoDB writer lease was lost
collect	UNKNOWN STEP	2026-09-22T18:40:11.8026585Z himalayas: failed to store https://himalayas.app/companies/akuity/jobs/staff-engineer: MongoDB writer lease was lost
collect	UNKNOWN STEP	2026-09-22T18:40:11.8043908Z himalayas: failed to store https://himalayas.app/companies/datadog/jobs/senior-software-engineer-redapl-graph-engine: MongoDB writer lease was lost
collect	UNKNOWN STEP	2026-09-22T18:40:11.8061361Z himalayas: failed to store https://himalayas.app/companies/wikimedia-foundation/jobs/senior-software-engineer-mediawiki-content-platform-team: MongoDB writer lease was lost
collect	UNKNOWN STEP	2026-09-22T18:40:11.8078102Z himalayas: failed to store https://himalayas.app/companies/neo4j/jobs/tech-lead-backend-graphaware-hume: MongoDB writer lease was lost
collect	UNKNOWN STEP	2026-09-22T18:40:11.8094970Z himalayas: failed to store https://himalayas.app/companies/neo4j/jobs/senior-software-engineer-graphaware-hume: MongoDB writer lease was lost
collect	UNKNOWN STEP	2026-09-22T18:40:11.8111728Z himalayas: failed to store https://himalayas.app/companies/synsphere-italia/jobs/sviluppatore-oracle-apex-senior: MongoDB writer lease was lost
collect	UNKNOWN STEP	2026-09-22T18:40:11.8128947Z himalayas: failed to store https://himalayas.app/companies/hostaway/jobs/senior-backend-engineer-integrations-100-remote-emea: MongoDB writer lease was lost
collect	UNKNOWN STEP	2026-09-22T18:40:11.8145707Z himalayas: failed to store https://himalayas.app/companies/keyrock-com/jobs/senior-rust-engineer-high-frequency-trading-hft: MongoDB writer lease was lost
collect	UNKNOWN STEP	2026-09-22T18:40:11.8162530Z himalayas: failed to store https://himalayas.app/companies/fxcintel/jobs/senior-python-engineer-2575642025: MongoDB writer lease was lost
collect	UNKNOWN STEP	2026-09-22T18:40:11.8179844Z himalayas: failed to store https://himalayas.app/companies/halon/jobs/sr-pipeline-engineer: MongoDB writer lease was lost
collect	UNKNOWN STEP	2026-09-22T18:40:11.8196864Z himalayas: failed to store https://himalayas.app/companies/block-labs/jobs/senior-backend-engineer-go-2963248604: MongoDB writer lease was lost
collect	UNKNOWN STEP	2026-09-22T18:40:11.8213700Z himalayas: failed to store https://himalayas.app/companies/percona/jobs/sr-software-engineer-go-mongodb: MongoDB writer lease was lost
collect	UNKNOWN STEP	2026-09-22T18:40:11.8231201Z himalayas: failed to store https://himalayas.app/companies/wikimedia-foundation/jobs/software-engineer-iii-product-safety-integrity: MongoDB writer lease was lost
collect	UNKNOWN STEP	2026-09-22T18:40:11.8248502Z himalayas: failed to store https://himalayas.app/companies/berkeley-square-it/jobs/php-symfony-developer: MongoDB writer lease was lost
collect	UNKNOWN STEP	2026-09-22T18:40:11.8265586Z himalayas: failed to store https://himalayas.app/companies/shopfully/jobs/senior-backend-software-engineer: MongoDB writer lease was lost
collect	UNKNOWN STEP	2026-09-22T18:40:11.8353281Z himalayas: failed to store https://himalayas.app/companies/sysdig/jobs/technical-engineering-lead-runtime-agent: MongoDB writer lease was lost
collect	UNKNOWN STEP	2026-09-22T18:40:11.8370707Z himalayas: failed to store https://himalayas.app/companies/foxelli-group/jobs/ai-engineer-technical-product-owner: MongoDB writer lease was lost
collect	UNKNOWN STEP	2026-09-22T18:40:11.8387532Z himalayas: failed to store https://himalayas.app/companies/neo4j/jobs/ai-tech-lead-graphaware-hume: MongoDB writer lease was lost
collect	UNKNOWN STEP	2026-09-22T18:40:11.8405013Z himalayas: failed to store https://himalayas.app/companies/ergomed/jobs/associate-case-processing-manager-line-management-position-2171615323: MongoDB writer lease was lost
collect	UNKNOWN STEP	2026-09-22T18:40:11.8421975Z himalayas: failed to store https://himalayas.app/companies/nvidia/jobs/senior-developer-relations-manager-emea-ai-natives: MongoDB writer lease was lost
collect	UNKNOWN STEP	2026-09-22T18:40:11.8438237Z API usage log error: MongoDB writer lease was lost
collect	UNKNOWN STEP	2026-09-22T18:40:11.8544923Z jobicy: failed to store 153865: MongoDB writer lease was lost
collect	UNKNOWN STEP	2026-09-22T18:40:11.8580385Z jobicy: failed to store 153825: MongoDB writer lease was lost
collect	UNKNOWN STEP	2026-09-22T18:40:11.8672097Z jobicy: failed to store 151197: MongoDB writer lease was lost
collect	UNKNOWN STEP	2026-09-22T18:40:11.8806937Z jobicy: failed to store 153697: MongoDB writer lease was lost
collect	UNKNOWN STEP	2026-09-22T18:40:11.8936212Z jobicy: failed to store 153695: MongoDB writer lease was lost
collect	UNKNOWN STEP	2026-09-22T18:40:11.8961325Z jobicy: failed to store 146760: MongoDB writer lease was lost
collect	UNKNOWN STEP	2026-09-22T18:40:11.8978352Z jobicy: failed to store 147066: MongoDB writer lease was lost
collect	UNKNOWN STEP	2026-09-22T18:40:11.9090379Z jobicy: failed to store 146984: MongoDB writer lease was lost
collect	UNKNOWN STEP	2026-09-22T18:40:11.9195211Z jobicy: failed to store 146976: MongoDB writer lease was lost
collect	UNKNOWN STEP	2026-09-22T18:40:11.9273511Z jobicy: failed to store 153674: MongoDB writer lease was lost
collect	UNKNOWN STEP	2026-09-22T18:40:11.9346036Z jobicy: failed to store 153663: MongoDB writer lease was lost
collect	UNKNOWN STEP	2026-09-22T18:40:11.9418165Z jobicy: failed to store 151003: MongoDB writer lease was lost
collect	UNKNOWN STEP	2026-09-22T18:40:11.9540645Z jobicy: failed to store 150994: MongoDB writer lease was lost
collect	UNKNOWN STEP	2026-09-22T18:40:11.9637305Z jobicy: failed to store 151013: MongoDB writer lease was lost
collect	UNKNOWN STEP	2026-09-22T18:40:11.9662493Z jobicy: failed to store 146757: MongoDB writer lease was lost
collect	UNKNOWN STEP	2026-09-22T18:40:11.9703764Z jobicy: failed to store 150366: MongoDB writer lease was lost
collect	UNKNOWN STEP	2026-09-22T18:40:11.9762092Z jobicy: failed to store 150975: MongoDB writer lease was lost
collect	UNKNOWN STEP	2026-09-22T18:40:11.9897080Z jobicy: failed to store 150381: MongoDB writer lease was lost
collect	UNKNOWN STEP	2026-09-22T18:40:11.9956666Z jobicy: failed to store 153579: MongoDB writer lease was lost
collect	UNKNOWN STEP	2026-09-22T18:40:11.9989870Z jobicy: failed to store 153532: MongoDB writer lease was lost
collect	UNKNOWN STEP	2026-09-22T18:40:12.0070885Z jobicy: failed to store 150933: MongoDB writer lease was lost
collect	UNKNOWN STEP	2026-09-22T18:40:12.0159812Z jobicy: failed to store 150885: MongoDB writer lease was lost
collect	UNKNOWN STEP	2026-09-22T18:40:12.0251351Z jobicy: failed to store 150883: MongoDB writer lease was lost
collect	UNKNOWN STEP	2026-09-22T18:40:12.0338794Z jobicy: failed to store 153452: MongoDB writer lease was lost
collect	UNKNOWN STEP	2026-09-22T18:40:12.0436267Z jobicy: failed to store 153449: MongoDB writer lease was lost
collect	UNKNOWN STEP	2026-09-22T18:40:12.0548907Z jobicy: failed to store 153905: MongoDB writer lease was lost
collect	UNKNOWN STEP	2026-09-22T18:40:12.0625546Z jobicy: failed to store 153647: MongoDB writer lease was lost
collect	UNKNOWN STEP	2026-09-22T18:40:12.0706501Z jobicy: failed to store 151253: MongoDB writer lease was lost
collect	UNKNOWN STEP	2026-09-22T18:40:12.0807549Z jobicy: failed to store 153567: MongoDB writer lease was lost
collect	UNKNOWN STEP	2026-09-22T18:40:12.0824561Z jobicy: failed to store 153227: MongoDB writer lease was lost
collect	UNKNOWN STEP	2026-09-22T18:40:12.0841153Z jobicy: failed to store 153097: MongoDB writer lease was lost
collect	UNKNOWN STEP	2026-09-22T18:40:12.0857995Z jobicy: failed to store 152887: MongoDB writer lease was lost
collect	UNKNOWN STEP	2026-09-22T18:40:12.0874881Z jobicy: failed to store 152752: MongoDB writer lease was lost
collect	UNKNOWN STEP	2026-09-22T18:40:12.0891678Z jobicy: failed to store 150125: MongoDB writer lease was lost
collect	UNKNOWN STEP	2026-09-22T18:40:12.0908426Z jobicy: failed to store 152499: MongoDB writer lease was lost
collect	UNKNOWN STEP	2026-09-22T18:40:12.0924755Z jobicy: failed to store 150061: MongoDB writer lease was lost
collect	UNKNOWN STEP	2026-09-22T18:40:12.0941419Z jobicy: failed to store 152271: MongoDB writer lease was lost
collect	UNKNOWN STEP	2026-09-22T18:40:12.0958716Z jobicy: failed to store 152047: MongoDB writer lease was lost
collect	UNKNOWN STEP	2026-09-22T18:40:12.0976754Z jobicy: failed to store 152039: MongoDB writer lease was lost
collect	UNKNOWN STEP	2026-09-22T18:40:12.0993630Z jobicy: failed to store 151711: MongoDB writer lease was lost
collect	UNKNOWN STEP	2026-09-22T18:40:12.1010652Z jobicy: failed to store 147410: MongoDB writer lease was lost
collect	UNKNOWN STEP	2026-09-22T18:40:12.1027732Z jobicy: failed to store 147408: MongoDB writer lease was lost
collect	UNKNOWN STEP	2026-09-22T18:40:12.1181629Z jobicy: failed to store 153899: MongoDB writer lease was lost
collect	UNKNOWN STEP	2026-09-22T18:40:12.1351949Z jobicy: failed to store 144139: MongoDB writer lease was lost
collect	UNKNOWN STEP	2026-09-22T18:40:12.1382062Z jobicy: failed to store 153823: MongoDB writer lease was lost
collect	UNKNOWN STEP	2026-09-22T18:40:12.1398671Z jobicy: failed to store 150128: MongoDB writer lease was lost
collect	UNKNOWN STEP	2026-09-22T18:40:12.1415668Z jobicy: failed to store 149984: MongoDB writer lease was lost
collect	UNKNOWN STEP	2026-09-22T18:40:12.1432331Z jobicy: failed to store 149985: MongoDB writer lease was lost
collect	UNKNOWN STEP	2026-09-22T18:40:12.1449338Z jobicy: failed to store 149538: MongoDB writer lease was lost
collect	UNKNOWN STEP	2026-09-22T18:40:12.1466370Z jobicy: failed to store 149996: MongoDB writer lease was lost
collect	UNKNOWN STEP	2026-09-22T18:40:12.1483242Z jobicy: failed to store 149989: MongoDB writer lease was lost
collect	UNKNOWN STEP	2026-09-22T18:40:12.1500549Z jobicy: failed to store 149972: MongoDB writer lease was lost
collect	UNKNOWN STEP	2026-09-22T18:40:12.1517487Z jobicy: failed to store 149969: MongoDB writer lease was lost
collect	UNKNOWN STEP	2026-09-22T18:40:12.1534370Z jobicy: failed to store 149981: MongoDB writer lease was lost
collect	UNKNOWN STEP	2026-09-22T18:40:12.1551197Z jobicy: failed to store 149855: MongoDB writer lease was lost
collect	UNKNOWN STEP	2026-09-22T18:40:12.1568260Z jobicy: failed to store 151536: MongoDB writer lease was lost
collect	UNKNOWN STEP	2026-09-22T18:40:12.1585173Z jobicy: failed to store 149560: MongoDB writer lease was lost
collect	UNKNOWN STEP	2026-09-22T18:40:12.1602149Z jobicy: failed to store 149576: MongoDB writer lease was lost
collect	UNKNOWN STEP	2026-09-22T18:40:12.1618915Z jobicy: failed to store 149522: MongoDB writer lease was lost
collect	UNKNOWN STEP	2026-09-22T18:40:12.1635907Z jobicy: failed to store 149535: MongoDB writer lease was lost
collect	UNKNOWN STEP	2026-09-22T18:40:12.1652636Z jobicy: failed to store 149543: MongoDB writer lease was lost
collect	UNKNOWN STEP	2026-09-22T18:40:12.1669557Z jobicy: failed to store 149551: MongoDB writer lease was lost
collect	UNKNOWN STEP	2026-09-22T18:40:12.1686508Z jobicy: failed to store 149552: MongoDB writer lease was lost
collect	UNKNOWN STEP	2026-09-22T18:40:12.1795916Z jobicy: failed to store 153641: MongoDB writer lease was lost
collect	UNKNOWN STEP	2026-09-22T18:40:12.1812653Z jobicy: failed to store 150588: MongoDB writer lease was lost
collect	UNKNOWN STEP	2026-09-22T18:40:12.1829829Z jobicy: failed to store 151950: MongoDB writer lease was lost
collect	UNKNOWN STEP	2026-09-22T18:40:12.1846383Z API usage log error: MongoDB writer lease was lost
collect	UNKNOWN STEP	2026-09-22T18:40:12.1862731Z API usage log error: MongoDB writer lease was lost
collect	UNKNOWN STEP	2026-09-22T18:40:12.1886012Z jooble: failed to store -993928143633962691: MongoDB writer lease was lost
collect	UNKNOWN STEP	2026-09-22T18:40:12.1908701Z jooble: failed to store -2216474656941274863: MongoDB writer lease was lost
collect	UNKNOWN STEP	2026-09-22T18:40:12.1930973Z jooble: failed to store 8199051345040203942: MongoDB writer lease was lost
collect	UNKNOWN STEP	2026-09-22T18:40:12.1952781Z jooble: failed to store -1428202942125443664: MongoDB writer lease was lost
collect	UNKNOWN STEP	2026-09-22T18:40:12.1969773Z jooble: failed to store 2573750729020131283: MongoDB writer lease was lost
collect	UNKNOWN STEP	2026-09-22T18:40:12.1986489Z jooble: failed to store -332659202801787354: MongoDB writer lease was lost
collect	UNKNOWN STEP	2026-09-22T18:40:12.2002865Z jooble: failed to store 1769710028011575701: MongoDB writer lease was lost
collect	UNKNOWN STEP	2026-09-22T18:40:12.2020155Z jooble: failed to store 449720857260825647: MongoDB writer lease was lost
collect	UNKNOWN STEP	2026-09-22T18:40:12.2037392Z jooble: failed to store 1193183957279588642: MongoDB writer lease was lost
collect	UNKNOWN STEP	2026-09-22T18:40:12.2053768Z jooble: failed to store 3520480129575584131: MongoDB writer lease was lost
collect	UNKNOWN STEP	2026-09-22T18:40:12.2070797Z jooble: failed to store 3051634246186783862: MongoDB writer lease was lost
collect	UNKNOWN STEP	2026-09-22T18:40:12.2087985Z jooble: failed to store -5902444716059953392: MongoDB writer lease was lost
collect	UNKNOWN STEP	2026-09-22T18:40:12.2104776Z jooble: failed to store 6385445463454530781: MongoDB writer lease was lost
collect	UNKNOWN STEP	2026-09-22T18:40:12.2121652Z jooble: failed to store 6932383934946784230: MongoDB writer lease was lost
collect	UNKNOWN STEP	2026-09-22T18:40:12.2138405Z jooble: failed to store 7484022869497849832: MongoDB writer lease was lost
collect	UNKNOWN STEP	2026-09-22T18:40:12.2155363Z jooble: failed to store 665597940102581094: MongoDB writer lease was lost
collect	UNKNOWN STEP	2026-09-22T18:40:12.2172011Z jooble: failed to store 6084725798794278806: MongoDB writer lease was lost
collect	UNKNOWN STEP	2026-09-22T18:40:12.2188714Z API usage log error: MongoDB writer lease was lost
collect	UNKNOWN STEP	2026-09-22T18:40:12.2205320Z API usage log error: MongoDB writer lease was lost
collect	UNKNOWN STEP	2026-09-22T18:40:29.1405083Z Collection error: MongoDB writer lease was lost
collect	UNKNOWN STEP	2026-09-22T18:40:29.1415717Z Source: adzuna
collect	UNKNOWN STEP	2026-09-22T18:40:29.1416235Z Fetched: 11
collect	UNKNOWN STEP	2026-09-22T18:40:29.1416516Z Created: 0
collect	UNKNOWN STEP	2026-09-22T18:40:29.1416794Z Updated: 0
collect	UNKNOWN STEP	2026-09-22T18:40:29.1417083Z Duplicates merged: 0
collect	UNKNOWN STEP	2026-09-22T18:40:29.1417404Z Unchanged: 3
collect	UNKNOWN STEP	2026-09-22T18:40:29.1417843Z Rejected: 8
collect	UNKNOWN STEP	2026-09-22T18:40:29.1418180Z Errors: 0
collect	UNKNOWN STEP	2026-09-22T18:40:29.1418531Z API requests: 9
collect	UNKNOWN STEP	2026-09-22T18:40:29.1418919Z Source: arbeitnow
collect	UNKNOWN STEP	2026-09-22T18:40:29.1419351Z Fetched: 100
collect	UNKNOWN STEP	2026-09-22T18:40:29.1419710Z Created: 0
collect	UNKNOWN STEP	2026-09-22T18:40:29.1420059Z Updated: 0
collect	UNKNOWN STEP	2026-09-22T18:40:29.1420431Z Duplicates merged: 0
collect	UNKNOWN STEP	2026-09-22T18:40:29.1420855Z Unchanged: 0
collect	UNKNOWN STEP	2026-09-22T18:40:29.1421206Z Rejected: 57
collect	UNKNOWN STEP	2026-09-22T18:40:29.1421609Z Errors: 43
collect	UNKNOWN STEP	2026-09-22T18:40:29.1422015Z API requests: 1
collect	UNKNOWN STEP	2026-09-22T18:40:29.1422511Z Limit reached: True
collect	UNKNOWN STEP	2026-09-22T18:40:29.1423010Z Source: ashby
collect	UNKNOWN STEP	2026-09-22T18:40:29.1423482Z Fetched: 28
collect	UNKNOWN STEP	2026-09-22T18:40:29.1424271Z Created: 0
collect	UNKNOWN STEP	2026-09-22T18:40:29.1424780Z Updated: 0
collect	UNKNOWN STEP	2026-09-22T18:40:29.1425236Z Duplicates merged: 0
collect	UNKNOWN STEP	2026-09-22T18:40:29.1425723Z Unchanged: 0
collect	UNKNOWN STEP	2026-09-22T18:40:29.1426042Z Rejected: 0
collect	UNKNOWN STEP	2026-09-22T18:40:29.1426311Z Errors: 28
collect	UNKNOWN STEP	2026-09-22T18:40:29.1426599Z API requests: 14
collect	UNKNOWN STEP	2026-09-22T18:40:29.1426902Z Source: cleanjobdata
collect	UNKNOWN STEP	2026-09-22T18:40:29.1427199Z Fetched: 0
collect	UNKNOWN STEP	2026-09-22T18:40:29.1427463Z Created: 0
collect	UNKNOWN STEP	2026-09-22T18:40:29.1427727Z Updated: 0
collect	UNKNOWN STEP	2026-09-22T18:40:29.1428004Z Duplicates merged: 0
collect	UNKNOWN STEP	2026-09-22T18:40:29.1428305Z Unchanged: 0
collect	UNKNOWN STEP	2026-09-22T18:40:29.1428577Z Rejected: 0
collect	UNKNOWN STEP	2026-09-22T18:40:29.1428846Z Errors: 0
collect	UNKNOWN STEP	2026-09-22T18:40:29.1429117Z API requests: 4
collect	UNKNOWN STEP	2026-09-22T18:40:29.1429406Z Source: custom
collect	UNKNOWN STEP	2026-09-22T18:40:29.1429688Z Fetched: 34
collect	UNKNOWN STEP	2026-09-22T18:40:29.1429955Z Created: 0
collect	UNKNOWN STEP	2026-09-22T18:40:29.1430216Z Updated: 0
collect	UNKNOWN STEP	2026-09-22T18:40:29.1430494Z Duplicates merged: 0
collect	UNKNOWN STEP	2026-09-22T18:40:29.1430802Z Unchanged: 0
collect	UNKNOWN STEP	2026-09-22T18:40:29.1431077Z Rejected: 0
collect	UNKNOWN STEP	2026-09-22T18:40:29.1431344Z Errors: 35
collect	UNKNOWN STEP	2026-09-22T18:40:29.1431610Z API requests: 57
collect	UNKNOWN STEP	2026-09-22T18:40:29.1431903Z Source: dou
collect	UNKNOWN STEP	2026-09-22T18:40:29.1432175Z Fetched: 39
collect	UNKNOWN STEP	2026-09-22T18:40:29.1432441Z Created: 0
collect	UNKNOWN STEP	2026-09-22T18:40:29.1432707Z Updated: 0
collect	UNKNOWN STEP	2026-09-22T18:40:29.1433023Z Duplicates merged: 0
collect	UNKNOWN STEP	2026-09-22T18:40:29.1433320Z Unchanged: 0
collect	UNKNOWN STEP	2026-09-22T18:40:29.1433596Z Rejected: 0
collect	UNKNOWN STEP	2026-09-22T18:40:29.1434161Z Errors: 39
collect	UNKNOWN STEP	2026-09-22T18:40:29.1434441Z API requests: 42
collect	UNKNOWN STEP	2026-09-22T18:40:29.1434744Z Source: greenhouse
collect	UNKNOWN STEP	2026-09-22T18:40:29.1435033Z Fetched: 40
collect	UNKNOWN STEP	2026-09-22T18:40:29.1435301Z Created: 0
collect	UNKNOWN STEP	2026-09-22T18:40:29.1435568Z Updated: 0
collect	UNKNOWN STEP	2026-09-22T18:40:29.1435848Z Duplicates merged: 0
collect	UNKNOWN STEP	2026-09-22T18:40:29.1436149Z Unchanged: 0
collect	UNKNOWN STEP	2026-09-22T18:40:29.1436425Z Rejected: 0
collect	UNKNOWN STEP	2026-09-22T18:40:29.1436686Z Errors: 40
collect	UNKNOWN STEP	2026-09-22T18:40:29.1436955Z API requests: 1
collect	UNKNOWN STEP	2026-09-22T18:40:29.1437247Z Source: himalayas
collect	UNKNOWN STEP	2026-09-22T18:40:29.1437538Z Fetched: 30
collect	UNKNOWN STEP	2026-09-22T18:40:29.1438055Z Created: 0
collect	UNKNOWN STEP	2026-09-22T18:40:29.1438318Z Updated: 0
collect	UNKNOWN STEP	2026-09-22T18:40:29.1438595Z Duplicates merged: 0
collect	UNKNOWN STEP	2026-09-22T18:40:29.1438897Z Unchanged: 0
collect	UNKNOWN STEP	2026-09-22T18:40:29.1439310Z Rejected: 0
collect	UNKNOWN STEP	2026-09-22T18:40:29.1439582Z Errors: 30
collect	UNKNOWN STEP	2026-09-22T18:40:29.1439847Z API requests: 4
collect	UNKNOWN STEP	2026-09-22T18:40:29.1440136Z Source: jobicy
collect	UNKNOWN STEP	2026-09-22T18:40:29.1440417Z Fetched: 66
collect	UNKNOWN STEP	2026-09-22T18:40:29.1440689Z Created: 0
collect	UNKNOWN STEP	2026-09-22T18:40:29.1440955Z Updated: 0
collect	UNKNOWN STEP	2026-09-22T18:40:29.1441233Z Duplicates merged: 0
collect	UNKNOWN STEP	2026-09-22T18:40:29.1441502Z Unchanged: 0
collect	UNKNOWN STEP	2026-09-22T18:40:29.1441717Z Rejected: 0
collect	UNKNOWN STEP	2026-09-22T18:40:29.1441922Z Errors: 66
collect	UNKNOWN STEP	2026-09-22T18:40:29.1442128Z API requests: 4
collect	UNKNOWN STEP	2026-09-22T18:40:29.1442364Z Source: jobspresso
collect	UNKNOWN STEP	2026-09-22T18:40:29.1442591Z Fetched: 0
collect	UNKNOWN STEP	2026-09-22T18:40:29.1442803Z Created: 0
collect	UNKNOWN STEP	2026-09-22T18:40:29.1443007Z Updated: 0
collect	UNKNOWN STEP	2026-09-22T18:40:29.1443221Z Duplicates merged: 0
collect	UNKNOWN STEP	2026-09-22T18:40:29.1443459Z Unchanged: 0
collect	UNKNOWN STEP	2026-09-22T18:40:29.1443678Z Rejected: 0
collect	UNKNOWN STEP	2026-09-22T18:40:29.1444101Z Errors: 0
collect	UNKNOWN STEP	2026-09-22T18:40:29.1444328Z API requests: 1
collect	UNKNOWN STEP	2026-09-22T18:40:29.1444551Z Source: jooble
collect	UNKNOWN STEP	2026-09-22T18:40:29.1444764Z Fetched: 17
collect	UNKNOWN STEP	2026-09-22T18:40:29.1444969Z Created: 0
collect	UNKNOWN STEP	2026-09-22T18:40:29.1445175Z Updated: 0
collect	UNKNOWN STEP	2026-09-22T18:40:29.1445390Z Duplicates merged: 0
collect	UNKNOWN STEP	2026-09-22T18:40:29.1445626Z Unchanged: 0
collect	UNKNOWN STEP	2026-09-22T18:40:29.1445839Z Rejected: 0
collect	UNKNOWN STEP	2026-09-22T18:40:29.1446039Z Errors: 17
collect	UNKNOWN STEP	2026-09-22T18:40:29.1446246Z API requests: 3
collect	UNKNOWN STEP	2026-09-22T18:40:29.1446471Z Source: weworkremotely
collect	UNKNOWN STEP	2026-09-22T18:40:29.1446715Z Fetched: 0
collect	UNKNOWN STEP	2026-09-22T18:40:29.1446921Z Created: 0
collect	UNKNOWN STEP	2026-09-22T18:40:29.1447124Z Updated: 0
collect	UNKNOWN STEP	2026-09-22T18:40:29.1447339Z Duplicates merged: 0
collect	UNKNOWN STEP	2026-09-22T18:40:29.1447566Z Unchanged: 0
collect	UNKNOWN STEP	2026-09-22T18:40:29.1447782Z Rejected: 0
collect	UNKNOWN STEP	2026-09-22T18:40:29.1447992Z Errors: 0
collect	UNKNOWN STEP	2026-09-22T18:40:29.1448195Z API requests: 1
collect	UNKNOWN STEP	2026-09-22T18:40:29.6381594Z ##[warning]Continuing because collection sources can have transient network/API failures; deterministic checks still gate commits.
collect	UNKNOWN STEP	2026-09-22T18:40:29.6546141Z ##[group]Run bash .github/scripts/run-and-report.sh "Write deterministic triage" hard python run.py triage --lock-timeout-seconds 3600
collect	UNKNOWN STEP	2026-09-22T18:40:29.6547187Z ^[[36;1mbash .github/scripts/run-and-report.sh "Write deterministic triage" hard python run.py triage --lock-timeout-seconds 3600^[[0m
collect	UNKNOWN STEP	2026-09-22T18:40:29.6583426Z shell: /usr/bin/bash --noprofile --norc -e -o pipefail {0}
collect	UNKNOWN STEP	2026-09-22T18:40:29.6584047Z env:
collect	UNKNOWN STEP	2026-09-22T18:40:29.6584782Z   MONGODB_URI: ***
collect	UNKNOWN STEP	2026-09-22T18:40:29.6585068Z   JOBINTEL_DATABASE_NAME: job_intelligence
collect	UNKNOWN STEP	2026-09-22T18:40:29.6585416Z   ADZUNA_APP_ID: ***
collect	UNKNOWN STEP	2026-09-22T18:40:29.6585719Z   ADZUNA_APP_KEY: ***
collect	UNKNOWN STEP	2026-09-22T18:40:29.6586100Z   CLEANJOBDATA_API_KEY: ***
collect	UNKNOWN STEP	2026-09-22T18:40:29.6586429Z   JOOBLE_API_KEY: ***
collect	UNKNOWN STEP	2026-09-22T18:40:29.6586804Z   TELEGRAM_BOT_TOKEN: ***
collect	UNKNOWN STEP	2026-09-22T18:40:29.6587085Z   TELEGRAM_CHAT_ID: ***
collect	UNKNOWN STEP	2026-09-22T18:40:29.6587349Z   JOBINTEL_COLLECTION_LIMIT: 100
collect	UNKNOWN STEP	2026-09-22T18:40:29.6587728Z   pythonLocation: /opt/hostedtoolcache/Python/3.11.16/x64
collect	UNKNOWN STEP	2026-09-22T18:40:29.6588208Z   PKG_CONFIG_PATH: /opt/hostedtoolcache/Python/3.11.16/x64/lib/pkgconfig
collect	UNKNOWN STEP	2026-09-22T18:40:29.6588675Z   Python_ROOT_DIR: /opt/hostedtoolcache/Python/3.11.16/x64
collect	UNKNOWN STEP	2026-09-22T18:40:29.6589103Z   Python2_ROOT_DIR: /opt/hostedtoolcache/Python/3.11.16/x64
collect	UNKNOWN STEP	2026-09-22T18:40:29.6589520Z   Python3_ROOT_DIR: /opt/hostedtoolcache/Python/3.11.16/x64
collect	UNKNOWN STEP	2026-09-22T18:40:29.6589947Z   LD_LIBRARY_PATH: /opt/hostedtoolcache/Python/3.11.16/x64/lib
collect	UNKNOWN STEP	2026-09-22T18:40:29.6590313Z ##[endgroup]
collect	UNKNOWN STEP	2026-09-22T18:42:18.3528098Z {
collect	UNKNOWN STEP	2026-09-22T18:42:18.3528604Z   "high": 0,
collect	UNKNOWN STEP	2026-09-22T18:42:18.3528943Z   "low": 31,
collect	UNKNOWN STEP	2026-09-22T18:42:18.3529235Z   "medium": 22,
collect	UNKNOWN STEP	2026-09-22T18:42:18.3529532Z   "skip_model": 0,
collect	UNKNOWN STEP	2026-09-22T18:42:18.3529835Z   "triaged": 53
collect	UNKNOWN STEP	2026-09-22T18:42:18.3530115Z }
collect	UNKNOWN STEP	2026-09-22T18:42:18.7583376Z ##[group]Run bash .github/scripts/run-and-report.sh "Archive low-score vacancies" hard python scripts/archive_jobs.py low-score
collect	UNKNOWN STEP	2026-09-22T18:42:18.7584831Z ^[[36;1mbash .github/scripts/run-and-report.sh "Archive low-score vacancies" hard python scripts/archive_jobs.py low-score^[[0m
collect	UNKNOWN STEP	2026-09-22T18:42:18.7621130Z shell: /usr/bin/bash --noprofile --norc -e -o pipefail {0}
collect	UNKNOWN STEP	2026-09-22T18:42:18.7621520Z env:
collect	UNKNOWN STEP	2026-09-22T18:42:18.7622233Z   MONGODB_URI: ***
collect	UNKNOWN STEP	2026-09-22T18:42:18.7622517Z   JOBINTEL_DATABASE_NAME: job_intelligence
collect	UNKNOWN STEP	2026-09-22T18:42:18.7622859Z   ADZUNA_APP_ID: ***
collect	UNKNOWN STEP	2026-09-22T18:42:18.7623162Z   ADZUNA_APP_KEY: ***
collect	UNKNOWN STEP	2026-09-22T18:42:18.7623550Z   CLEANJOBDATA_API_KEY: ***
collect	UNKNOWN STEP	2026-09-22T18:42:18.7624163Z   JOOBLE_API_KEY: ***
collect	UNKNOWN STEP	2026-09-22T18:42:18.7624628Z   TELEGRAM_BOT_TOKEN: ***
collect	UNKNOWN STEP	2026-09-22T18:42:18.7624917Z   TELEGRAM_CHAT_ID: ***
collect	UNKNOWN STEP	2026-09-22T18:42:18.7625183Z   JOBINTEL_COLLECTION_LIMIT: 100
collect	UNKNOWN STEP	2026-09-22T18:42:18.7625535Z   pythonLocation: /opt/hostedtoolcache/Python/3.11.16/x64
collect	UNKNOWN STEP	2026-09-22T18:42:18.7626033Z   PKG_CONFIG_PATH: /opt/hostedtoolcache/Python/3.11.16/x64/lib/pkgconfig
collect	UNKNOWN STEP	2026-09-22T18:42:18.7626502Z   Python_ROOT_DIR: /opt/hostedtoolcache/Python/3.11.16/x64
collect	UNKNOWN STEP	2026-09-22T18:42:18.7626916Z   Python2_ROOT_DIR: /opt/hostedtoolcache/Python/3.11.16/x64
collect	UNKNOWN STEP	2026-09-22T18:42:18.7627338Z   Python3_ROOT_DIR: /opt/hostedtoolcache/Python/3.11.16/x64
collect	UNKNOWN STEP	2026-09-22T18:42:18.7627762Z   LD_LIBRARY_PATH: /opt/hostedtoolcache/Python/3.11.16/x64/lib
collect	UNKNOWN STEP	2026-09-22T18:42:18.7628126Z ##[endgroup]
collect	UNKNOWN STEP	2026-09-22T18:42:49.3192880Z low-score: eligible=0 minimum=1
collect	UNKNOWN STEP	2026-09-22T18:42:49.9052846Z ##[group]Run bash .github/scripts/run-and-report.sh "Archive skipped vacancies" hard python scripts/archive_jobs.py skipped
collect	UNKNOWN STEP	2026-09-22T18:42:49.9054124Z ^[[36;1mbash .github/scripts/run-and-report.sh "Archive skipped vacancies" hard python scripts/archive_jobs.py skipped^[[0m
collect	UNKNOWN STEP	2026-09-22T18:42:49.9090240Z shell: /usr/bin/bash --noprofile --norc -e -o pipefail {0}
collect	UNKNOWN STEP	2026-09-22T18:42:49.9090634Z env:
collect	UNKNOWN STEP	2026-09-22T18:42:49.9091332Z   MONGODB_URI: ***
collect	UNKNOWN STEP	2026-09-22T18:42:49.9091614Z   JOBINTEL_DATABASE_NAME: job_intelligence
collect	UNKNOWN STEP	2026-09-22T18:42:49.9091959Z   ADZUNA_APP_ID: ***
collect	UNKNOWN STEP	2026-09-22T18:42:49.9092260Z   ADZUNA_APP_KEY: ***
collect	UNKNOWN STEP	2026-09-22T18:42:49.9092648Z   CLEANJOBDATA_API_KEY: ***
collect	UNKNOWN STEP	2026-09-22T18:42:49.9092990Z   JOOBLE_API_KEY: ***
collect	UNKNOWN STEP	2026-09-22T18:42:49.9093354Z   TELEGRAM_BOT_TOKEN: ***
collect	UNKNOWN STEP	2026-09-22T18:42:49.9093633Z   TELEGRAM_CHAT_ID: ***
collect	UNKNOWN STEP	2026-09-22T18:42:49.9094264Z   JOBINTEL_COLLECTION_LIMIT: 100
collect	UNKNOWN STEP	2026-09-22T18:42:49.9094651Z   pythonLocation: /opt/hostedtoolcache/Python/3.11.16/x64
collect	UNKNOWN STEP	2026-09-22T18:42:49.9095200Z   PKG_CONFIG_PATH: /opt/hostedtoolcache/Python/3.11.16/x64/lib/pkgconfig
collect	UNKNOWN STEP	2026-09-22T18:42:49.9095686Z   Python_ROOT_DIR: /opt/hostedtoolcache/Python/3.11.16/x64
collect	UNKNOWN STEP	2026-09-22T18:42:49.9096121Z   Python2_ROOT_DIR: /opt/hostedtoolcache/Python/3.11.16/x64
collect	UNKNOWN STEP	2026-09-22T18:42:49.9096556Z   Python3_ROOT_DIR: /opt/hostedtoolcache/Python/3.11.16/x64
collect	UNKNOWN STEP	2026-09-22T18:42:49.9097004Z   LD_LIBRARY_PATH: /opt/hostedtoolcache/Python/3.11.16/x64/lib
collect	UNKNOWN STEP	2026-09-22T18:42:49.9097386Z ##[endgroup]
collect	UNKNOWN STEP	2026-09-22T18:43:21.2286147Z skipped: eligible=0 minimum=1
collect	UNKNOWN STEP	2026-09-22T18:43:21.6500093Z ##[group]Run bash .github/scripts/run-and-report.sh "Archive stale vacancies" hard python scripts/archive_jobs.py stale --max-age-days 7
collect	UNKNOWN STEP	2026-09-22T18:43:21.6501127Z ^[[36;1mbash .github/scripts/run-and-report.sh "Archive stale vacancies" hard python scripts/archive_jobs.py stale --max-age-days 7^[[0m
collect	UNKNOWN STEP	2026-09-22T18:43:21.6537013Z shell: /usr/bin/bash --noprofile --norc -e -o pipefail {0}
collect	UNKNOWN STEP	2026-09-22T18:43:21.6537388Z env:
collect	UNKNOWN STEP	2026-09-22T18:43:21.6538061Z   MONGODB_URI: ***
collect	UNKNOWN STEP	2026-09-22T18:43:21.6538339Z   JOBINTEL_DATABASE_NAME: job_intelligence
collect	UNKNOWN STEP	2026-09-22T18:43:21.6538670Z   ADZUNA_APP_ID: ***
collect	UNKNOWN STEP	2026-09-22T18:43:21.6538967Z   ADZUNA_APP_KEY: ***
collect	UNKNOWN STEP	2026-09-22T18:43:21.6539346Z   CLEANJOBDATA_API_KEY: ***
collect	UNKNOWN STEP	2026-09-22T18:43:21.6539669Z   JOOBLE_API_KEY: ***
collect	UNKNOWN STEP	2026-09-22T18:43:21.6540022Z   TELEGRAM_BOT_TOKEN: ***
collect	UNKNOWN STEP	2026-09-22T18:43:21.6540291Z   TELEGRAM_CHAT_ID: ***
collect	UNKNOWN STEP	2026-09-22T18:43:21.6540549Z   JOBINTEL_COLLECTION_LIMIT: 100
collect	UNKNOWN STEP	2026-09-22T18:43:21.6540927Z   pythonLocation: /opt/hostedtoolcache/Python/3.11.16/x64
collect	UNKNOWN STEP	2026-09-22T18:43:21.6541401Z   PKG_CONFIG_PATH: /opt/hostedtoolcache/Python/3.11.16/x64/lib/pkgconfig
collect	UNKNOWN STEP	2026-09-22T18:43:21.6541858Z   Python_ROOT_DIR: /opt/hostedtoolcache/Python/3.11.16/x64
collect	UNKNOWN STEP	2026-09-22T18:43:21.6542456Z   Python2_ROOT_DIR: /opt/hostedtoolcache/Python/3.11.16/x64
collect	UNKNOWN STEP	2026-09-22T18:43:21.6542872Z   Python3_ROOT_DIR: /opt/hostedtoolcache/Python/3.11.16/x64
collect	UNKNOWN STEP	2026-09-22T18:43:21.6543298Z   LD_LIBRARY_PATH: /opt/hostedtoolcache/Python/3.11.16/x64/lib
collect	UNKNOWN STEP	2026-09-22T18:43:21.6543659Z ##[endgroup]
collect	UNKNOWN STEP	2026-09-22T18:43:42.0622024Z stale: eligible=0 minimum=1
collect	UNKNOWN STEP	2026-09-22T18:43:42.5925334Z ##[group]Run bash .github/scripts/run-and-report.sh "Archive rejected vacancies" hard python scripts/archive_jobs.py rejected --keep-items 50
collect	UNKNOWN STEP	2026-09-22T18:43:42.5926430Z ^[[36;1mbash .github/scripts/run-and-report.sh "Archive rejected vacancies" hard python scripts/archive_jobs.py rejected --keep-items 50^[[0m
collect	UNKNOWN STEP	2026-09-22T18:43:42.5962367Z shell: /usr/bin/bash --noprofile --norc -e -o pipefail {0}
collect	UNKNOWN STEP	2026-09-22T18:43:42.5962741Z env:
collect	UNKNOWN STEP	2026-09-22T18:43:42.5963430Z   MONGODB_URI: ***
collect	UNKNOWN STEP	2026-09-22T18:43:42.5963708Z   JOBINTEL_DATABASE_NAME: job_intelligence
collect	UNKNOWN STEP	2026-09-22T18:43:42.5964320Z   ADZUNA_APP_ID: ***
collect	UNKNOWN STEP	2026-09-22T18:43:42.5964633Z   ADZUNA_APP_KEY: ***
collect	UNKNOWN STEP	2026-09-22T18:43:42.5965009Z   CLEANJOBDATA_API_KEY: ***
collect	UNKNOWN STEP	2026-09-22T18:43:42.5965332Z   JOOBLE_API_KEY: ***
collect	UNKNOWN STEP	2026-09-22T18:43:42.5965685Z   TELEGRAM_BOT_TOKEN: ***
collect	UNKNOWN STEP	2026-09-22T18:43:42.5965956Z   TELEGRAM_CHAT_ID: ***
collect	UNKNOWN STEP	2026-09-22T18:43:42.5966220Z   JOBINTEL_COLLECTION_LIMIT: 100
collect	UNKNOWN STEP	2026-09-22T18:43:42.5966596Z   pythonLocation: /opt/hostedtoolcache/Python/3.11.16/x64
collect	UNKNOWN STEP	2026-09-22T18:43:42.5967062Z   PKG_CONFIG_PATH: /opt/hostedtoolcache/Python/3.11.16/x64/lib/pkgconfig
collect	UNKNOWN STEP	2026-09-22T18:43:42.5967525Z   Python_ROOT_DIR: /opt/hostedtoolcache/Python/3.11.16/x64
collect	UNKNOWN STEP	2026-09-22T18:43:42.5967943Z   Python2_ROOT_DIR: /opt/hostedtoolcache/Python/3.11.16/x64
collect	UNKNOWN STEP	2026-09-22T18:43:42.5968357Z   Python3_ROOT_DIR: /opt/hostedtoolcache/Python/3.11.16/x64
collect	UNKNOWN STEP	2026-09-22T18:43:42.5968775Z   LD_LIBRARY_PATH: /opt/hostedtoolcache/Python/3.11.16/x64/lib
collect	UNKNOWN STEP	2026-09-22T18:43:42.5969133Z ##[endgroup]
collect	UNKNOWN STEP	2026-09-22T18:46:37.8544667Z rejected: eligible=59 minimum=1
collect	UNKNOWN STEP	2026-09-22T18:46:37.8545669Z Archived 59 records in MongoDB; original artifacts retained.
collect	UNKNOWN STEP	2026-09-22T18:46:38.3854850Z ##[group]Run bash .github/scripts/run-and-report.sh "Regenerate registry index" hard python run.py reindex
collect	UNKNOWN STEP	2026-09-22T18:46:38.3856253Z ^[[36;1mbash .github/scripts/run-and-report.sh "Regenerate registry index" hard python run.py reindex^[[0m
collect	UNKNOWN STEP	2026-09-22T18:46:38.3893045Z shell: /usr/bin/bash --noprofile --norc -e -o pipefail {0}
collect	UNKNOWN STEP	2026-09-22T18:46:38.3893426Z env:
collect	UNKNOWN STEP	2026-09-22T18:46:38.3894396Z   MONGODB_URI: ***
collect	UNKNOWN STEP	2026-09-22T18:46:38.3894688Z   JOBINTEL_DATABASE_NAME: job_intelligence
collect	UNKNOWN STEP	2026-09-22T18:46:38.3895018Z   ADZUNA_APP_ID: ***
collect	UNKNOWN STEP	2026-09-22T18:46:38.3895313Z   ADZUNA_APP_KEY: ***
collect	UNKNOWN STEP	2026-09-22T18:46:38.3895691Z   CLEANJOBDATA_API_KEY: ***
collect	UNKNOWN STEP	2026-09-22T18:46:38.3896019Z   JOOBLE_API_KEY: ***
collect	UNKNOWN STEP	2026-09-22T18:46:38.3896374Z   TELEGRAM_BOT_TOKEN: ***
collect	UNKNOWN STEP	2026-09-22T18:46:38.3896643Z   TELEGRAM_CHAT_ID: ***
collect	UNKNOWN STEP	2026-09-22T18:46:38.3896900Z   JOBINTEL_COLLECTION_LIMIT: 100
collect	UNKNOWN STEP	2026-09-22T18:46:38.3897251Z   pythonLocation: /opt/hostedtoolcache/Python/3.11.16/x64
collect	UNKNOWN STEP	2026-09-22T18:46:38.3897758Z   PKG_CONFIG_PATH: /opt/hostedtoolcache/Python/3.11.16/x64/lib/pkgconfig
collect	UNKNOWN STEP	2026-09-22T18:46:38.3898223Z   Python_ROOT_DIR: /opt/hostedtoolcache/Python/3.11.16/x64
collect	UNKNOWN STEP	2026-09-22T18:46:38.3898643Z   Python2_ROOT_DIR: /opt/hostedtoolcache/Python/3.11.16/x64
collect	UNKNOWN STEP	2026-09-22T18:46:38.3899064Z   Python3_ROOT_DIR: /opt/hostedtoolcache/Python/3.11.16/x64
collect	UNKNOWN STEP	2026-09-22T18:46:38.3899484Z   LD_LIBRARY_PATH: /opt/hostedtoolcache/Python/3.11.16/x64/lib
collect	UNKNOWN STEP	2026-09-22T18:46:38.3899846Z ##[endgroup]
collect	UNKNOWN STEP	2026-09-22T18:46:57.6742973Z Index already current.
collect	UNKNOWN STEP	2026-09-22T18:46:57.9442194Z ##[group]Run bash .github/scripts/run-and-report.sh "Regenerate vacancy catalog" hard python run.py catalog
collect	UNKNOWN STEP	2026-09-22T18:46:57.9443053Z ^[[36;1mbash .github/scripts/run-and-report.sh "Regenerate vacancy catalog" hard python run.py catalog^[[0m
collect	UNKNOWN STEP	2026-09-22T18:46:57.9478853Z shell: /usr/bin/bash --noprofile --norc -e -o pipefail {0}
collect	UNKNOWN STEP	2026-09-22T18:46:57.9479226Z env:
collect	UNKNOWN STEP	2026-09-22T18:46:57.9479901Z   MONGODB_URI: ***
collect	UNKNOWN STEP	2026-09-22T18:46:57.9480179Z   JOBINTEL_DATABASE_NAME: job_intelligence
collect	UNKNOWN STEP	2026-09-22T18:46:57.9480696Z   ADZUNA_APP_ID: ***
collect	UNKNOWN STEP	2026-09-22T18:46:57.9480999Z   ADZUNA_APP_KEY: ***
collect	UNKNOWN STEP	2026-09-22T18:46:57.9481388Z   CLEANJOBDATA_API_KEY: ***
collect	UNKNOWN STEP	2026-09-22T18:46:57.9481713Z   JOOBLE_API_KEY: ***
collect	UNKNOWN STEP	2026-09-22T18:46:57.9482059Z   TELEGRAM_BOT_TOKEN: ***
collect	UNKNOWN STEP	2026-09-22T18:46:57.9482332Z   TELEGRAM_CHAT_ID: ***
collect	UNKNOWN STEP	2026-09-22T18:46:57.9482594Z   JOBINTEL_COLLECTION_LIMIT: 100
collect	UNKNOWN STEP	2026-09-22T18:46:57.9482945Z   pythonLocation: /opt/hostedtoolcache/Python/3.11.16/x64
collect	UNKNOWN STEP	2026-09-22T18:46:57.9483439Z   PKG_CONFIG_PATH: /opt/hostedtoolcache/Python/3.11.16/x64/lib/pkgconfig
collect	UNKNOWN STEP	2026-09-22T18:46:57.9484244Z   Python_ROOT_DIR: /opt/hostedtoolcache/Python/3.11.16/x64
collect	UNKNOWN STEP	2026-09-22T18:46:57.9484677Z   Python2_ROOT_DIR: /opt/hostedtoolcache/Python/3.11.16/x64
collect	UNKNOWN STEP	2026-09-22T18:46:57.9485095Z   Python3_ROOT_DIR: /opt/hostedtoolcache/Python/3.11.16/x64
collect	UNKNOWN STEP	2026-09-22T18:46:57.9485513Z   LD_LIBRARY_PATH: /opt/hostedtoolcache/Python/3.11.16/x64/lib
collect	UNKNOWN STEP	2026-09-22T18:46:57.9485869Z ##[endgroup]
collect	UNKNOWN STEP	2026-09-22T18:47:41.3140042Z Catalog: 53 vacancies, single-file, changed: none
collect	UNKNOWN STEP	2026-09-22T18:47:41.8113153Z ##[group]Run bash .github/scripts/run-and-report.sh "Run unit tests" hard env -u TELEGRAM_BOT_TOKEN -u TELEGRAM_CHAT_ID -u MONGODB_URI -u ATLAS_CLIENT_ID -u ATLAS_CLIENT_SECRET python -m unittest discover -v
collect	UNKNOWN STEP	2026-09-22T18:47:41.8116125Z ^[[36;1mbash .github/scripts/run-and-report.sh "Run unit tests" hard env -u TELEGRAM_BOT_TOKEN -u TELEGRAM_CHAT_ID -u MONGODB_URI -u ATLAS_CLIENT_ID -u ATLAS_CLIENT_SECRET python -m unittest discover -v^[[0m
collect	UNKNOWN STEP	2026-09-22T18:47:41.8169396Z shell: /usr/bin/bash --noprofile --norc -e -o pipefail {0}
collect	UNKNOWN STEP	2026-09-22T18:47:41.8170074Z env:
collect	UNKNOWN STEP	2026-09-22T18:47:41.8171279Z   MONGODB_URI: ***
collect	UNKNOWN STEP	2026-09-22T18:47:41.8171774Z   JOBINTEL_DATABASE_NAME: job_intelligence
collect	UNKNOWN STEP	2026-09-22T18:47:41.8172383Z   ADZUNA_APP_ID: ***
collect	UNKNOWN STEP	2026-09-22T18:47:41.8172937Z   ADZUNA_APP_KEY: ***
collect	UNKNOWN STEP	2026-09-22T18:47:41.8173644Z   CLEANJOBDATA_API_KEY: ***
collect	UNKNOWN STEP	2026-09-22T18:47:41.8174521Z   JOOBLE_API_KEY: ***
collect	UNKNOWN STEP	2026-09-22T18:47:41.8175191Z   TELEGRAM_BOT_TOKEN: ***
collect	UNKNOWN STEP	2026-09-22T18:47:41.8175767Z   TELEGRAM_CHAT_ID: ***
collect	UNKNOWN STEP	2026-09-22T18:47:41.8176262Z   JOBINTEL_COLLECTION_LIMIT: 100
collect	UNKNOWN STEP	2026-09-22T18:47:41.8176911Z   pythonLocation: /opt/hostedtoolcache/Python/3.11.16/x64
collect	UNKNOWN STEP	2026-09-22T18:47:41.8177804Z   PKG_CONFIG_PATH: /opt/hostedtoolcache/Python/3.11.16/x64/lib/pkgconfig
collect	UNKNOWN STEP	2026-09-22T18:47:41.8178679Z   Python_ROOT_DIR: /opt/hostedtoolcache/Python/3.11.16/x64
collect	UNKNOWN STEP	2026-09-22T18:47:41.8179448Z   Python2_ROOT_DIR: /opt/hostedtoolcache/Python/3.11.16/x64
collect	UNKNOWN STEP	2026-09-22T18:47:41.8180244Z   Python3_ROOT_DIR: /opt/hostedtoolcache/Python/3.11.16/x64
collect	UNKNOWN STEP	2026-09-22T18:47:41.8181033Z   LD_LIBRARY_PATH: /opt/hostedtoolcache/Python/3.11.16/x64/lib
collect	UNKNOWN STEP	2026-09-22T18:47:41.8181693Z ##[endgroup]
collect	UNKNOWN STEP	2026-09-22T18:47:42.1763492Z test_configurable_title_filter_skips_irrelevant_results (tests.test_adzuna.AdzunaTests.test_configurable_title_filter_skips_irrelevant_results) ... ok
collect	UNKNOWN STEP	2026-09-22T18:47:42.1779259Z test_fetches_pages_normalizes_and_deduplicates (tests.test_adzuna.AdzunaTests.test_fetches_pages_normalizes_and_deduplicates) ... ok
collect	UNKNOWN STEP	2026-09-22T18:47:42.1788055Z test_rejects_invalid_title_filter_config (tests.test_adzuna.AdzunaTests.test_rejects_invalid_title_filter_config) ... ok
collect	UNKNOWN STEP	2026-09-22T18:47:42.1795727Z test_rejects_unknown_query_fields (tests.test_adzuna.AdzunaTests.test_rejects_unknown_query_fields) ... ok
collect	UNKNOWN STEP	2026-09-22T18:47:42.1809338Z test_round_robin_respects_global_request_budget (tests.test_adzuna.AdzunaTests.test_round_robin_respects_global_request_budget) ... ok
collect	UNKNOWN STEP	2026-09-22T18:47:42.1816571Z test_zero_budget_performs_no_requests (tests.test_adzuna.AdzunaTests.test_zero_budget_performs_no_requests) ... ok
collect	UNKNOWN STEP	2026-09-22T18:47:42.1886199Z test_records_cumulative_requests_per_source (tests.test_api_usage.ApiUsageLogTests.test_records_cumulative_requests_per_source) ... ok
collect	UNKNOWN STEP	2026-09-22T18:47:42.1889709Z test_skips_zero_request_sources (tests.test_api_usage.ApiUsageLogTests.test_skips_zero_request_sources) ... ok
collect	UNKNOWN STEP	2026-09-22T18:47:42.1950041Z test_application_markdown_hard_word_limits_are_enforced (tests.test_applications.ApplicationTests.test_application_markdown_hard_word_limits_are_enforced) ... ok
collect	UNKNOWN STEP	2026-09-22T18:47:42.1997828Z test_codex_draft_client_reads_markdown_without_network (tests.test_applications.ApplicationTests.test_codex_draft_client_reads_markdown_without_network) ... ok
collect	UNKNOWN STEP	2026-09-22T18:47:42.2033987Z test_codex_draft_client_reads_only_explicit_document (tests.test_applications.ApplicationTests.test_codex_draft_client_reads_only_explicit_document) ... ok
collect	UNKNOWN STEP	2026-09-22T18:47:42.2346313Z test_conversion_failure_preserves_previous_complete_package (tests.test_applications.ApplicationTests.test_conversion_failure_preserves_previous_complete_package) ... ok
collect	UNKNOWN STEP	2026-09-22T18:47:42.2381596Z test_cover_letter_accepts_target_role_and_company_context (tests.test_applications.ApplicationTests.test_cover_letter_accepts_target_role_and_company_context) ... ok
collect	UNKNOWN STEP	2026-09-22T18:47:42.2416328Z test_cv_age_rule_is_scoped_to_experience_and_allows_recent_roles (tests.test_applications.ApplicationTests.test_cv_age_rule_is_scoped_to_experience_and_allows_recent_roles) ... ok
collect	UNKNOWN STEP	2026-09-22T18:47:42.2450985Z test_cv_experience_rejects_employment_older_than_ten_years (tests.test_applications.ApplicationTests.test_cv_experience_rejects_employment_older_than_ten_years) ... ok
collect	UNKNOWN STEP	2026-09-22T18:47:42.2476133Z test_cv_export_stem_keeps_company_and_role_focus_without_location_noise (tests.test_applications.ApplicationTests.test_cv_export_stem_keeps_company_and_role_focus_without_location_noise) ... ok
collect	UNKNOWN STEP	2026-09-22T18:47:42.2500664Z test_cv_export_stem_shortens_long_windows_filename_deterministically (tests.test_applications.ApplicationTests.test_cv_export_stem_shortens_long_windows_filename_deterministically) ... ok
collect	UNKNOWN STEP	2026-09-22T18:47:42.2535518Z test_cv_headline_accepts_vacancy_specific_supported_term (tests.test_applications.ApplicationTests.test_cv_headline_accepts_vacancy_specific_supported_term) ... ok
collect	UNKNOWN STEP	2026-09-22T18:47:42.2570767Z test_cv_headline_must_align_with_vacancy_title_terms (tests.test_applications.ApplicationTests.test_cv_headline_must_align_with_vacancy_title_terms) ... ok
collect	UNKNOWN STEP	2026-09-22T18:47:42.2606450Z test_cv_headline_must_immediately_follow_candidate_name (tests.test_applications.ApplicationTests.test_cv_headline_must_immediately_follow_candidate_name) ... ok
collect	UNKNOWN STEP	2026-09-22T18:47:42.2652718Z test_cv_requires_evidence_backed_technologies_for_each_experience_role (tests.test_applications.ApplicationTests.test_cv_requires_evidence_backed_technologies_for_each_experience_role) ... ok
collect	UNKNOWN STEP	2026-09-22T18:47:42.2692836Z test_directory_swap_failure_rolls_back_complete_previous_package (tests.test_applications.ApplicationTests.test_directory_swap_failure_rolls_back_complete_previous_package) ... ok
collect	UNKNOWN STEP	2026-09-22T18:47:42.2720801Z test_forbidden_zend_certification_phrase_is_rejected (tests.test_applications.ApplicationTests.test_forbidden_zend_certification_phrase_is_rejected) ... ok
collect	UNKNOWN STEP	2026-09-22T18:47:42.2996753Z test_generates_complete_package_and_skips_matching_versions (tests.test_applications.ApplicationTests.test_generates_complete_package_and_skips_matching_versions) ... ok
collect	UNKNOWN STEP	2026-09-22T18:47:42.3057361Z test_invalid_markdown_contract_is_not_published (tests.test_applications.ApplicationTests.test_invalid_markdown_contract_is_not_published) ... ok
collect	UNKNOWN STEP	2026-09-22T18:47:42.3276610Z test_package_does_not_expire_when_calendar_month_changes (tests.test_applications.ApplicationTests.test_package_does_not_expire_when_calendar_month_changes) ... ok
collect	UNKNOWN STEP	2026-09-22T18:47:42.3380090Z test_partial_cv_publish_creates_only_cv_outputs_when_no_package_exists (tests.test_applications.ApplicationTests.test_partial_cv_publish_creates_only_cv_outputs_when_no_package_exists) ... ok
collect	UNKNOWN STEP	2026-09-22T18:47:42.3830227Z test_partial_cv_publish_preserves_other_documents_and_cache_scope (tests.test_applications.ApplicationTests.test_partial_cv_publish_preserves_other_documents_and_cache_scope) ... ok
collect	UNKNOWN STEP	2026-09-22T18:47:42.4446848Z test_pending_prepare_accepts_explicit_batch (tests.test_applications.ApplicationTests.test_pending_prepare_accepts_explicit_batch) ... ok
collect	UNKNOWN STEP	2026-09-22T18:47:42.5093578Z test_pending_prepare_all_is_disabled_for_manual_selection (tests.test_applications.ApplicationTests.test_pending_prepare_all_is_disabled_for_manual_selection) ... ok
collect	UNKNOWN STEP	2026-09-22T18:47:42.5461470Z test_pending_prepare_explicit_vacancy_still_checks_eligibility (tests.test_applications.ApplicationTests.test_pending_prepare_explicit_vacancy_still_checks_eligibility) ... ok
collect	UNKNOWN STEP	2026-09-22T18:47:42.5828723Z test_pending_prepare_uses_selected_model_profile_for_match_freshness (tests.test_applications.ApplicationTests.test_pending_prepare_uses_selected_model_profile_for_match_freshness) ... ok
collect	UNKNOWN STEP	2026-09-22T18:47:42.6088388Z test_permission_denied_on_default_application_uses_marked_fallback_directory (tests.test_applications.ApplicationTests.test_permission_denied_on_default_application_uses_marked_fallback_directory) ... ok
collect	UNKNOWN STEP	2026-09-22T18:47:42.6408589Z test_prepare_cli_publishes_explicit_cv_only_draft (tests.test_applications.ApplicationTests.test_prepare_cli_publishes_explicit_cv_only_draft) ... ok
collect	UNKNOWN STEP	2026-09-22T18:47:42.6624994Z test_prepare_cli_publishes_isolated_batch_drafts (tests.test_applications.ApplicationTests.test_prepare_cli_publishes_isolated_batch_drafts) ... 2026-09-22_184742_example_senior-backend-engineer: prepared
collect	UNKNOWN STEP	2026-09-22T18:47:42.6626153Z Selected: 1
collect	UNKNOWN STEP	2026-09-22T18:47:42.6626417Z Prepared: 1
collect	UNKNOWN STEP	2026-09-22T18:47:42.6626714Z Skipped unchanged: 0
collect	UNKNOWN STEP	2026-09-22T18:47:42.6627011Z Errors: 0
collect	UNKNOWN STEP	2026-09-22T18:47:42.7201307Z ok
collect	UNKNOWN STEP	2026-09-22T18:47:42.7307837Z test_prepare_cli_publishes_one_codex_draft (tests.test_applications.ApplicationTests.test_prepare_cli_publishes_one_codex_draft) ... 2026-09-22_184742_example_senior-backend-engineer: prepared
collect	UNKNOWN STEP	2026-09-22T18:47:42.7309695Z 2026-09-22_184742_second-example_senior-backend-engineer: prepared
collect	UNKNOWN STEP	2026-09-22T18:47:42.7310469Z Selected: 2
collect	UNKNOWN STEP	2026-09-22T18:47:42.7310877Z Prepared: 2
collect	UNKNOWN STEP	2026-09-22T18:47:42.7311304Z Skipped unchanged: 0
collect	UNKNOWN STEP	2026-09-22T18:47:42.7311756Z Errors: 0
collect	UNKNOWN STEP	2026-09-22T18:47:42.7663131Z ok
collect	UNKNOWN STEP	2026-09-22T18:47:42.7686657Z test_prepare_cli_rejects_automatic_all_selection (tests.test_applications.ApplicationTests.test_prepare_cli_rejects_automatic_all_selection) ... 2026-09-22_184742_example_senior-backend-engineer: prepared
collect	UNKNOWN STEP	2026-09-22T18:47:42.7688430Z Selected: 1
collect	UNKNOWN STEP	2026-09-22T18:47:42.7688855Z Prepared: 1
collect	UNKNOWN STEP	2026-09-22T18:47:42.7689278Z Skipped unchanged: 0
collect	UNKNOWN STEP	2026-09-22T18:47:42.7689731Z Errors: 0
collect	UNKNOWN STEP	2026-09-22T18:47:42.7742727Z ok
collect	UNKNOWN STEP	2026-09-22T18:47:42.7822115Z test_prepare_cli_rejects_more_than_ten_vacancies (tests.test_applications.ApplicationTests.test_prepare_cli_rejects_more_than_ten_vacancies) ... ok
collect	UNKNOWN STEP	2026-09-22T18:47:42.8340581Z test_prompt_change_invalidates_and_republishes_application (tests.test_applications.ApplicationTests.test_prompt_change_invalidates_and_republishes_application) ... ok
collect	UNKNOWN STEP	2026-09-22T18:47:42.8371872Z test_repository_prepare_contract_delegates_to_write_cover_letter (tests.test_applications.ApplicationTests.test_repository_prepare_contract_delegates_to_write_cover_letter) ... ok
collect	UNKNOWN STEP	2026-09-22T18:47:42.8422514Z test_resolves_directory_name_id_and_all (tests.test_applications.ApplicationTests.test_resolves_directory_name_id_and_all) ... ok
collect	UNKNOWN STEP	2026-09-22T18:47:42.8565770Z test_simple_life_cv_date_range_is_preserved_from_draft (tests.test_applications.ApplicationTests.test_simple_life_cv_date_range_is_preserved_from_draft) ... ok
collect	UNKNOWN STEP	2026-09-22T18:47:42.8661316Z test_validate_application_cli_accepts_explicit_cv_only_draft (tests.test_applications.ApplicationTests.test_validate_application_cli_accepts_explicit_cv_only_draft) ... ok
collect	UNKNOWN STEP	2026-09-22T18:47:42.8784822Z test_validate_application_cli_checks_draft_without_publishing (tests.test_applications.ApplicationTests.test_validate_application_cli_checks_draft_without_publishing) ... Application draft valid: 2026-09-22_184742_example_senior-backend-engineer
collect	UNKNOWN STEP	2026-09-22T18:47:42.8838363Z ok
collect	UNKNOWN STEP	2026-09-22T18:47:42.8942294Z test_validate_application_draft_rejects_incomplete_handoff (tests.test_applications.ApplicationTests.test_validate_application_draft_rejects_incomplete_handoff) ... ok
collect	UNKNOWN STEP	2026-09-22T18:47:42.9010543Z test_validate_application_draft_rejects_missing_quality_contract (tests.test_applications.ApplicationTests.test_validate_application_draft_rejects_missing_quality_contract) ... ok
collect	UNKNOWN STEP	2026-09-22T18:47:42.9020692Z test_follows_next_links_and_sends_documented_visa_filter (tests.test_arbeitnow.ArbeitnowTests.test_follows_next_links_and_sends_documented_visa_filter) ... ok
collect	UNKNOWN STEP	2026-09-22T18:47:42.9030908Z test_invalid_json_and_repeated_pagination_url_fail (tests.test_arbeitnow.ArbeitnowTests.test_invalid_json_and_repeated_pagination_url_fail) ... ok
collect	UNKNOWN STEP	2026-09-22T18:47:42.9037663Z test_max_pages_stops_pagination (tests.test_arbeitnow.ArbeitnowTests.test_max_pages_stops_pagination) ... ok
collect	UNKNOWN STEP	2026-09-22T18:47:42.9041290Z test_normalizes_common_fields_and_useful_metadata (tests.test_arbeitnow.ArbeitnowTests.test_normalizes_common_fields_and_useful_metadata) ... ok
collect	UNKNOWN STEP	2026-09-22T18:47:42.9044797Z test_parses_actual_response_envelope (tests.test_arbeitnow.ArbeitnowTests.test_parses_actual_response_envelope) ... ok
collect	UNKNOWN STEP	2026-09-22T18:47:42.9114500Z test_repeated_collection_is_unchanged_not_duplicated (tests.test_arbeitnow.ArbeitnowTests.test_repeated_collection_is_unchanged_not_duplicated) ... ok
collect	UNKNOWN STEP	2026-09-22T18:47:42.9120611Z test_retries_retryable_http_errors_then_fails_clearly (tests.test_arbeitnow.ArbeitnowTests.test_retries_retryable_http_errors_then_fails_clearly) ... ok
collect	UNKNOWN STEP	2026-09-22T18:47:42.9125414Z test_source_identity_uses_slug_then_deterministic_url_hash (tests.test_arbeitnow.ArbeitnowTests.test_source_identity_uses_slug_then_deterministic_url_hash) ... ok
collect	UNKNOWN STEP	2026-09-22T18:47:42.9241403Z test_archive_excludes_active_lifecycle_statuses (tests.test_archive_jobs.ArchiveJobsTests.test_archive_excludes_active_lifecycle_statuses) ... ok
collect	UNKNOWN STEP	2026-09-22T18:47:43.1796490Z test_archives_and_removes_low_scores_after_validation (tests.test_archive_jobs.ArchiveJobsTests.test_archives_and_removes_low_scores_after_validation) ... ok
collect	UNKNOWN STEP	2026-09-22T18:47:43.2602005Z test_archives_oldest_rejected_over_keep_limit (tests.test_archive_jobs.ArchiveJobsTests.test_archives_oldest_rejected_over_keep_limit) ... ok
collect	UNKNOWN STEP	2026-09-22T18:47:43.5161734Z test_archives_skipped_only (tests.test_archive_jobs.ArchiveJobsTests.test_archives_skipped_only) ... ok
collect	UNKNOWN STEP	2026-09-22T18:47:43.6942352Z test_archives_stale_vacancies_only (tests.test_archive_jobs.ArchiveJobsTests.test_archives_stale_vacancies_only) ... ok
collect	UNKNOWN STEP	2026-09-22T18:47:43.7015587Z test_cleanup_failure_preserves_validated_archive (tests.test_archive_jobs.ArchiveJobsTests.test_cleanup_failure_preserves_validated_archive) ... ok
collect	UNKNOWN STEP	2026-09-22T18:47:43.8673055Z test_does_not_archive_below_minimum (tests.test_archive_jobs.ArchiveJobsTests.test_does_not_archive_below_minimum) ... ok
collect	UNKNOWN STEP	2026-09-22T18:47:44.0006462Z test_rejected_archive_uses_unique_name_when_run_twice_in_one_day (tests.test_archive_jobs.ArchiveJobsTests.test_rejected_archive_uses_unique_name_when_run_twice_in_one_day) ... ok
collect	UNKNOWN STEP	2026-09-22T18:47:44.0131565Z test_skipped_archive_uses_timestamp_suffix_when_run_twice_in_one_day (tests.test_archive_jobs.ArchiveJobsTests.test_skipped_archive_uses_timestamp_suffix_when_run_twice_in_one_day) ... ok
collect	UNKNOWN STEP	2026-09-22T18:47:44.0144268Z test_board_registry_deduplicates_case_insensitively (tests.test_ashby.AshbyTests.test_board_registry_deduplicates_case_insensitively) ... ok
collect	UNKNOWN STEP	2026-09-22T18:47:44.0184593Z test_discovery_validates_and_adds_only_valid_boards (tests.test_ashby.AshbyTests.test_discovery_validates_and_adds_only_valid_boards) ... ok
collect	UNKNOWN STEP	2026-09-22T18:47:44.0186614Z test_extracts_board_name_from_job_url (tests.test_ashby.AshbyTests.test_extracts_board_name_from_job_url) ... ok
collect	UNKNOWN STEP	2026-09-22T18:47:44.0199899Z test_failing_board_does_not_stop_other_boards (tests.test_ashby.AshbyTests.test_failing_board_does_not_stop_other_boards) ... ashby: board 'broken' failed: HTTP 404
collect	UNKNOWN STEP	2026-09-22T18:47:44.0201688Z ok
collect	UNKNOWN STEP	2026-09-22T18:47:44.0206773Z test_filters_remote_jobs_by_title_and_primary_or_secondary_location (tests.test_ashby.AshbyTests.test_filters_remote_jobs_by_title_and_primary_or_secondary_location) ... ok
collect	UNKNOWN STEP	2026-09-22T18:47:44.0209208Z test_normalizes_common_fields_and_preserves_source_metadata (tests.test_ashby.AshbyTests.test_normalizes_common_fields_and_preserves_source_metadata) ... ok
collect	UNKNOWN STEP	2026-09-22T18:47:44.0211904Z test_parses_response_and_skips_unlisted_jobs (tests.test_ashby.AshbyTests.test_parses_response_and_skips_unlisted_jobs) ... ok
collect	UNKNOWN STEP	2026-09-22T18:47:44.0238658Z test_registry_preserves_global_filters_when_saved (tests.test_ashby.AshbyTests.test_registry_preserves_global_filters_when_saved) ... ok
collect	UNKNOWN STEP	2026-09-22T18:47:44.0244266Z test_rejects_invalid_and_non_ashby_urls (tests.test_ashby.AshbyTests.test_rejects_invalid_and_non_ashby_urls) ... ok
collect	UNKNOWN STEP	2026-09-22T18:47:44.0251360Z test_existing_owned_receipt_retries_after_not_found (tests.test_atlas_network.AtlasNetworkTests.test_existing_owned_receipt_retries_after_not_found) ... ok
collect	UNKNOWN STEP	2026-09-22T18:47:44.0256243Z test_legacy_owned_receipt_without_created_at_can_still_be_cleaned_up (tests.test_atlas_network.AtlasNetworkTests.test_legacy_owned_receipt_without_created_at_can_still_be_cleaned_up) ... ok
collect	UNKNOWN STEP	2026-09-22T18:47:44.0277718Z test_preexisting_entry_is_never_modified_or_deleted (tests.test_atlas_network.AtlasNetworkTests.test_preexisting_entry_is_never_modified_or_deleted) ... ok
collect	UNKNOWN STEP	2026-09-22T18:47:44.0284533Z test_receipt_expiry_cannot_exceed_two_hours (tests.test_atlas_network.AtlasNetworkTests.test_receipt_expiry_cannot_exceed_two_hours) ... ok
collect	UNKNOWN STEP	2026-09-22T18:47:44.0301299Z test_receipt_is_durable_before_post_and_ambiguous_success_is_reconciled (tests.test_atlas_network.AtlasNetworkTests.test_receipt_is_durable_before_post_and_ambiguous_success_is_reconciled) ... ok
collect	UNKNOWN STEP	2026-09-22T18:47:44.0307063Z test_revoke_ignores_not_found_before_and_during_delete (tests.test_atlas_network.AtlasNetworkTests.test_revoke_ignores_not_found_before_and_during_delete) ... ok
collect	UNKNOWN STEP	2026-09-22T18:47:44.0312774Z test_revoke_reconciles_ambiguous_success_and_retries_ambiguous_failure (tests.test_atlas_network.AtlasNetworkTests.test_revoke_reconciles_ambiguous_success_and_retries_ambiguous_failure) ... ok
collect	UNKNOWN STEP	2026-09-22T18:47:44.0323378Z test_uncertain_create_without_entry_is_retried_and_verified (tests.test_atlas_network.AtlasNetworkTests.test_uncertain_create_without_entry_is_retried_and_verified) ... ok
collect	UNKNOWN STEP	2026-09-22T18:47:44.0329122Z test_unsafe_address_and_receipt_cidr_are_refused (tests.test_atlas_network.AtlasNetworkTests.test_unsafe_address_and_receipt_cidr_are_refused) ... ok
collect	UNKNOWN STEP	2026-09-22T18:47:44.0335462Z test_wrong_owner_is_not_overwritten_or_revoked (tests.test_atlas_network.AtlasNetworkTests.test_wrong_owner_is_not_overwritten_or_revoked) ... ok
collect	UNKNOWN STEP	2026-09-22T18:47:44.0348677Z test_backup_checks_database_artifact_hashes (tests.test_backup.BackupTests.test_backup_checks_database_artifact_hashes) ... ok
collect	UNKNOWN STEP	2026-09-22T18:47:44.0408998Z test_compact_backup_restores_only_referenced_archive_members (tests.test_backup.BackupTests.test_compact_backup_restores_only_referenced_archive_members) ... ok
collect	UNKNOWN STEP	2026-09-22T18:47:44.0435565Z test_corrupt_part_fails_closed (tests.test_backup.BackupTests.test_corrupt_part_fails_closed) ... ok
collect	UNKNOWN STEP	2026-09-22T18:47:44.0463458Z test_manifest_part_path_cannot_escape_backup_directory (tests.test_backup.BackupTests.test_manifest_part_path_cannot_escape_backup_directory) ... ok
collect	UNKNOWN STEP	2026-09-22T18:47:44.0466919Z test_mongodb_backup_preserves_compound_index_order_on_real_restore (tests.test_backup.BackupTests.test_mongodb_backup_preserves_compound_index_order_on_real_restore) ... skipped 'JOBINTEL_TEST_MONGODB_URI is not configured'
collect	UNKNOWN STEP	2026-09-22T18:47:44.0499490Z test_mongodb_backup_restores_verified_snapshot_under_lease (tests.test_backup.BackupTests.test_mongodb_backup_restores_verified_snapshot_under_lease) ... ok
collect	UNKNOWN STEP	2026-09-22T18:47:44.0681773Z test_non_ascii_tracked_reference_is_backed_up_and_restored (tests.test_backup.BackupTests.test_non_ascii_tracked_reference_is_backed_up_and_restored) ... ok
collect	UNKNOWN STEP	2026-09-22T18:47:44.0683956Z test_project_snapshot_includes_agent_and_github_configuration (tests.test_backup.BackupTests.test_project_snapshot_includes_agent_and_github_configuration) ... ok
collect	UNKNOWN STEP	2026-09-22T18:47:44.0734076Z test_restore_and_read_support_windows_extended_length_paths (tests.test_backup.BackupTests.test_restore_and_read_support_windows_extended_length_paths) ... ok
collect	UNKNOWN STEP	2026-09-22T18:47:44.0759918Z test_restore_refuses_nonisolated_database (tests.test_backup.BackupTests.test_restore_refuses_nonisolated_database) ... ok
collect	UNKNOWN STEP	2026-09-22T18:47:44.0770841Z test_sheets_snapshot_requires_independent_timestamp (tests.test_backup.BackupTests.test_sheets_snapshot_requires_independent_timestamp) ... ok
collect	UNKNOWN STEP	2026-09-22T18:47:44.0773134Z test_windows_drive_and_ads_paths_are_rejected_cross_platform (tests.test_backup.BackupTests.test_windows_drive_and_ads_paths_are_rejected_cross_platform) ... ok
collect	UNKNOWN STEP	2026-09-22T18:47:44.0807373Z test_yaml_backup_is_chunked_and_verified (tests.test_backup.BackupTests.test_yaml_backup_is_chunked_and_verified) ... ok
collect	UNKNOWN STEP	2026-09-22T18:47:44.0840787Z test_yaml_restore_initializes_schema_before_import (tests.test_backup.BackupTests.test_yaml_restore_initializes_schema_before_import) ... ok
collect	UNKNOWN STEP	2026-09-22T18:47:44.0941335Z test_catalog_uses_application_directory_marked_in_metadata (tests.test_catalog.CatalogTests.test_catalog_uses_application_directory_marked_in_metadata) ... ok
collect	UNKNOWN STEP	2026-09-22T18:47:44.1084725Z test_large_catalog_splits_by_month (tests.test_catalog.CatalogTests.test_large_catalog_splits_by_month) ... ok
collect	UNKNOWN STEP	2026-09-22T18:47:44.1365070Z test_single_catalog_links_artifacts_and_sorts_newest_first (tests.test_catalog.CatalogTests.test_single_catalog_links_artifacts_and_sorts_newest_first) ... ok
collect	UNKNOWN STEP	2026-09-22T18:47:44.1379107Z test_disabled_profiles_and_unknown_fields (tests.test_cleanjobdata.CleanJobDataTests.test_disabled_profiles_and_unknown_fields) ... ok
collect	UNKNOWN STEP	2026-09-22T18:47:44.1394982Z test_fetches_pages_normalizes_and_deduplicates (tests.test_cleanjobdata.CleanJobDataTests.test_fetches_pages_normalizes_and_deduplicates) ... ok
collect	UNKNOWN STEP	2026-09-22T18:47:44.1416562Z test_profiles_are_round_robin_under_global_budget (tests.test_cleanjobdata.CleanJobDataTests.test_profiles_are_round_robin_under_global_budget) ... ok
collect	UNKNOWN STEP	2026-09-22T18:47:44.1423149Z test_zero_budget_performs_no_requests (tests.test_cleanjobdata.CleanJobDataTests.test_zero_budget_performs_no_requests) ... ok
collect	UNKNOWN STEP	2026-09-22T18:47:44.1490057Z test_add_manual_publishes_manual_vacancy_with_priority (tests.test_cli.CliTests.test_add_manual_publishes_manual_vacancy_with_priority) ... ok
collect	UNKNOWN STEP	2026-09-22T18:47:44.1770405Z test_all_collectors_fetch_in_parallel_before_storing (tests.test_cli.CliTests.test_all_collectors_fetch_in_parallel_before_storing) ... ok
collect	UNKNOWN STEP	2026-09-22T18:47:44.1896554Z test_collector_limit_is_per_source (tests.test_cli.CliTests.test_collector_limit_is_per_source) ... ok
collect	UNKNOWN STEP	2026-09-22T18:47:44.1907992Z test_default_profiles_include_optional_user_confirmed_clarifications (tests.test_cli.CliTests.test_default_profiles_include_optional_user_confirmed_clarifications) ... ok
collect	UNKNOWN STEP	2026-09-22T18:47:44.1968428Z test_doctor_ci_skips_only_host_local_converter_checks (tests.test_cli.CliTests.test_doctor_ci_skips_only_host_local_converter_checks) ... ERROR: DOCX converter script: /tmp/tmpgr5dunuu/missing.ps1
collect	UNKNOWN STEP	2026-09-22T18:47:44.1969844Z ERROR: DOCX options: /tmp/tmpgr5dunuu/missing.json
collect	UNKNOWN STEP	2026-09-22T18:47:44.1975128Z ERROR: PowerShell executable not found
collect	UNKNOWN STEP	2026-09-22T18:47:44.1975757Z ok
collect	UNKNOWN STEP	2026-09-22T18:47:44.2134692Z test_offline_commands_do_not_parse_source_env (tests.test_cli.CliTests.test_offline_commands_do_not_parse_source_env) ... ok
collect	UNKNOWN STEP	2026-09-22T18:47:44.2432151Z test_pending_analyze_does_not_list_applied_vacancies (tests.test_cli.CliTests.test_pending_analyze_does_not_list_applied_vacancies) ... ok
collect	UNKNOWN STEP	2026-09-22T18:47:44.2708850Z test_pending_analyze_pack_honors_explicit_selector (tests.test_cli.CliTests.test_pending_analyze_pack_honors_explicit_selector) ... ok
collect	UNKNOWN STEP	2026-09-22T18:47:44.2804175Z test_status_audit_failure_rolls_back_metadata (tests.test_cli.CliTests.test_status_audit_failure_rolls_back_metadata) ... Status error: simulated audit failure
collect	UNKNOWN STEP	2026-09-22T18:47:44.2821761Z ok
collect	UNKNOWN STEP	2026-09-22T18:47:44.2971568Z test_status_command_records_manual_status_log_with_reason (tests.test_cli.CliTests.test_status_command_records_manual_status_log_with_reason) ... ok
collect	UNKNOWN STEP	2026-09-22T18:47:44.3222071Z test_top_lists_analyzed_active_vacancies_without_source_env (tests.test_cli.CliTests.test_top_lists_analyzed_active_vacancies_without_source_env) ... ok
collect	UNKNOWN STEP	2026-09-22T18:47:44.3337800Z test_triage_accepts_one_explicit_selector (tests.test_cli.CliTests.test_triage_accepts_one_explicit_selector) ... ok
collect	UNKNOWN STEP	2026-09-22T18:47:44.3340597Z test_archive_rotates_through_five_distinct_templates (tests.test_commit_messages.CommitMessageTests.test_archive_rotates_through_five_distinct_templates) ... ok
collect	UNKNOWN STEP	2026-09-22T18:47:44.3342795Z test_collection_rotates_through_five_distinct_templates (tests.test_commit_messages.CommitMessageTests.test_collection_rotates_through_five_distinct_templates) ... ok
collect	UNKNOWN STEP	2026-09-22T18:47:44.3345157Z test_github_mutation_workflows_use_the_template_selector (tests.test_commit_messages.CommitMessageTests.test_github_mutation_workflows_use_the_template_selector) ... ok
collect	UNKNOWN STEP	2026-09-22T18:47:44.3347184Z test_invalid_values_are_rejected (tests.test_commit_messages.CommitMessageTests.test_invalid_values_are_rejected) ... ok
collect	UNKNOWN STEP	2026-09-22T18:47:44.3348755Z test_subjects_use_singular_nouns_for_one_vacancy (tests.test_commit_messages.CommitMessageTests.test_subjects_use_singular_nouns_for_one_vacancy) ... ok
collect	UNKNOWN STEP	2026-09-22T18:47:44.3448069Z test_custom_source_replaces_aggregator_content_and_raises_priority (tests.test_custom.CustomCollectorTests.test_custom_source_replaces_aggregator_content_and_raises_priority) ... ok
collect	UNKNOWN STEP	2026-09-22T18:47:44.3694208Z test_default_config_monitors_requested_italian_company_boards (tests.test_custom.CustomCollectorTests.test_default_config_monitors_requested_italian_company_boards) ... ok
collect	UNKNOWN STEP	2026-09-22T18:47:44.3713463Z test_detail_page_heading_wins_over_generic_apply_link (tests.test_custom.CustomCollectorTests.test_detail_page_heading_wins_over_generic_apply_link) ... ok
collect	UNKNOWN STEP	2026-09-22T18:47:44.3730769Z test_detail_page_heading_wins_over_long_card_text (tests.test_custom.CustomCollectorTests.test_detail_page_heading_wins_over_long_card_text) ... ok
collect	UNKNOWN STEP	2026-09-22T18:47:44.3750868Z test_fetch_follows_matching_same_site_links_and_seeds (tests.test_custom.CustomCollectorTests.test_fetch_follows_matching_same_site_links_and_seeds) ... ok
collect	UNKNOWN STEP	2026-09-22T18:47:44.3754774Z test_parses_json_ld_job_posting (tests.test_custom.CustomCollectorTests.test_parses_json_ld_job_posting) ... ok
collect	UNKNOWN STEP	2026-09-22T18:47:44.3779863Z test_fetches_configured_queries_with_high_priority_and_dedupes (tests.test_dou.DouCollectorTests.test_fetches_configured_queries_with_high_priority_and_dedupes) ... ok
collect	UNKNOWN STEP	2026-09-22T18:47:44.3786257Z test_parses_detail_description_and_ukrainian_date (tests.test_dou.DouCollectorTests.test_parses_detail_description_and_ukrainian_date) ... ok
collect	UNKNOWN STEP	2026-09-22T18:47:44.3792400Z test_parses_listing_cards (tests.test_dou.DouCollectorTests.test_parses_listing_cards) ... ok
collect	UNKNOWN STEP	2026-09-22T18:47:44.3797442Z test_board_company_falls_back_to_payload_company_name (tests.test_greenhouse.GreenhouseTests.test_board_company_falls_back_to_payload_company_name) ... ok
collect	UNKNOWN STEP	2026-09-22T18:47:44.3827124Z test_config_rejects_unknown_fields_and_invalid_tokens (tests.test_greenhouse.GreenhouseTests.test_config_rejects_unknown_fields_and_invalid_tokens) ... ok
collect	UNKNOWN STEP	2026-09-22T18:47:44.3839823Z test_failing_board_does_not_stop_other_boards (tests.test_greenhouse.GreenhouseTests.test_failing_board_does_not_stop_other_boards) ... greenhouse: board 'broken' failed: HTTP 404
collect	UNKNOWN STEP	2026-09-22T18:47:44.3842732Z ok
collect	UNKNOWN STEP	2026-09-22T18:47:44.3856367Z test_fetches_board_with_content_and_normalizes_jobs (tests.test_greenhouse.GreenhouseTests.test_fetches_board_with_content_and_normalizes_jobs) ... ok
collect	UNKNOWN STEP	2026-09-22T18:47:44.3862153Z test_parses_response_with_filters_and_remote_detection_from_title_or_location (tests.test_greenhouse.GreenhouseTests.test_parses_response_with_filters_and_remote_detection_from_title_or_location) ... ok
collect	UNKNOWN STEP	2026-09-22T18:47:44.3878186Z test_constructs_search_query_from_supported_filters (tests.test_himalayas.HimalayasTests.test_constructs_search_query_from_supported_filters) ... ok
collect	UNKNOWN STEP	2026-09-22T18:47:44.3982288Z test_deduplicates_across_queries_and_records_every_discovery (tests.test_himalayas.HimalayasTests.test_deduplicates_across_queries_and_records_every_discovery) ... ok
collect	UNKNOWN STEP	2026-09-22T18:47:44.3986155Z test_normalizes_full_job_and_preserves_attribution_metadata (tests.test_himalayas.HimalayasTests.test_normalizes_full_job_and_preserves_attribution_metadata) ... ok
collect	UNKNOWN STEP	2026-09-22T18:47:44.4001275Z test_paginates_until_total_count_is_reached (tests.test_himalayas.HimalayasTests.test_paginates_until_total_count_is_reached) ... ok
collect	UNKNOWN STEP	2026-09-22T18:47:44.4006460Z test_parses_location_restrictions_and_worldwide_jobs (tests.test_himalayas.HimalayasTests.test_parses_location_restrictions_and_worldwide_jobs) ... ok
collect	UNKNOWN STEP	2026-09-22T18:47:44.4011049Z test_parses_salary_fields_with_period_and_currency (tests.test_himalayas.HimalayasTests.test_parses_salary_fields_with_period_and_currency) ... ok
collect	UNKNOWN STEP	2026-09-22T18:47:44.4024491Z test_per_query_max_pages_stops_full_result_pages (tests.test_himalayas.HimalayasTests.test_per_query_max_pages_stops_full_result_pages) ... ok
collect	UNKNOWN STEP	2026-09-22T18:47:44.4036767Z test_rejects_managed_page_and_unknown_query_fields (tests.test_himalayas.HimalayasTests.test_rejects_managed_page_and_unknown_query_fields) ... ok
collect	UNKNOWN STEP	2026-09-22T18:47:44.4044917Z test_retries_http_429_then_fails_clearly (tests.test_himalayas.HimalayasTests.test_retries_http_429_then_fails_clearly) ... ok
collect	UNKNOWN STEP	2026-09-22T18:47:44.4053485Z test_api_failure_is_reported_without_retry (tests.test_jobicy.JobicyTests.test_api_failure_is_reported_without_retry) ... ok
collect	UNKNOWN STEP	2026-09-22T18:47:44.4067217Z test_deduplicates_jobicy_id_across_query_profiles (tests.test_jobicy.JobicyTests.test_deduplicates_jobicy_id_across_query_profiles) ... ok
collect	UNKNOWN STEP	2026-09-22T18:47:44.4077461Z test_generates_queries_from_supported_profile_fields (tests.test_jobicy.JobicyTests.test_generates_queries_from_supported_profile_fields) ... ok
collect	UNKNOWN STEP	2026-09-22T18:47:44.4082354Z test_jobicy_id_is_stable_when_other_fields_change (tests.test_jobicy.JobicyTests.test_jobicy_id_is_stable_when_other_fields_change) ... ok
collect	UNKNOWN STEP	2026-09-22T18:47:44.4086476Z test_normalizes_full_job_and_source_metadata (tests.test_jobicy.JobicyTests.test_normalizes_full_job_and_source_metadata) ... ok
collect	UNKNOWN STEP	2026-09-22T18:47:44.4091059Z test_normalizes_salary_values (tests.test_jobicy.JobicyTests.test_normalizes_salary_values) ... ok
collect	UNKNOWN STEP	2026-09-22T18:47:44.4095790Z test_parses_response_jobs (tests.test_jobicy.JobicyTests.test_parses_response_jobs) ... ok
collect	UNKNOWN STEP	2026-09-22T18:47:44.4107521Z test_rejects_unknown_fields_and_invalid_count (tests.test_jobicy.JobicyTests.test_rejects_unknown_fields_and_invalid_count) ... ok
collect	UNKNOWN STEP	2026-09-22T18:47:44.4120809Z test_cheap_mode_can_be_disabled (tests.test_jobspresso.JobspressoTests.test_cheap_mode_can_be_disabled) ... ok
collect	UNKNOWN STEP	2026-09-22T18:47:44.4137877Z test_cheap_mode_filters_old_and_non_engineering_items (tests.test_jobspresso.JobspressoTests.test_cheap_mode_filters_old_and_non_engineering_items) ... ok
collect	UNKNOWN STEP	2026-09-22T18:47:44.4146305Z test_deduplicates_different_ids_for_same_posting (tests.test_jobspresso.JobspressoTests.test_deduplicates_different_ids_for_same_posting) ... ok
collect	UNKNOWN STEP	2026-09-22T18:47:44.4155622Z test_fetches_only_official_latest_feed_and_counts_request (tests.test_jobspresso.JobspressoTests.test_fetches_only_official_latest_feed_and_counts_request) ... ok
collect	UNKNOWN STEP	2026-09-22T18:47:44.4161211Z test_normalizes_stable_id_creator_date_and_full_description (tests.test_jobspresso.JobspressoTests.test_normalizes_stable_id_creator_date_and_full_description) ... ok
collect	UNKNOWN STEP	2026-09-22T18:47:44.4170694Z test_plain_english_lowercase_go_is_not_treated_as_golang (tests.test_jobspresso.JobspressoTests.test_plain_english_lowercase_go_is_not_treated_as_golang) ... ok
collect	UNKNOWN STEP	2026-09-22T18:47:44.4178034Z test_post_id_is_stable_when_title_and_link_change (tests.test_jobspresso.JobspressoTests.test_post_id_is_stable_when_title_and_link_change) ... ok
collect	UNKNOWN STEP	2026-09-22T18:47:44.4185097Z test_rejects_unknown_config_and_invalid_xml (tests.test_jobspresso.JobspressoTests.test_rejects_unknown_config_and_invalid_xml) ... ok
collect	UNKNOWN STEP	2026-09-22T18:47:44.4194579Z test_retries_transient_http_errors (tests.test_jobspresso.JobspressoTests.test_retries_transient_http_errors) ... ok
collect	UNKNOWN STEP	2026-09-22T18:47:44.4205955Z test_disabled_profiles_are_ignored (tests.test_jooble.JoobleTests.test_disabled_profiles_are_ignored) ... ok
collect	UNKNOWN STEP	2026-09-22T18:47:44.4219074Z test_fetches_pages_normalizes_and_deduplicates (tests.test_jooble.JoobleTests.test_fetches_pages_normalizes_and_deduplicates) ... ok
collect	UNKNOWN STEP	2026-09-22T18:47:44.4232101Z test_profiles_are_round_robin_under_global_budget (tests.test_jooble.JoobleTests.test_profiles_are_round_robin_under_global_budget) ... ok
collect	UNKNOWN STEP	2026-09-22T18:47:44.4245343Z test_rejects_unknown_profile_fields_and_invalid_radius (tests.test_jooble.JoobleTests.test_rejects_unknown_profile_fields_and_invalid_radius) ... ok
collect	UNKNOWN STEP	2026-09-22T18:47:44.4252862Z test_zero_budget_performs_no_requests (tests.test_jooble.JoobleTests.test_zero_budget_performs_no_requests) ... ok
collect	UNKNOWN STEP	2026-09-22T18:47:44.4416344Z test_analysis_writes_valid_files_and_skips_matching_versions (tests.test_matching.MatchingTests.test_analysis_writes_valid_files_and_skips_matching_versions) ... ok
collect	UNKNOWN STEP	2026-09-22T18:47:44.4636723Z test_cloudflare_email_hash_and_updated_at_do_not_stale_analysis (tests.test_matching.MatchingTests.test_cloudflare_email_hash_and_updated_at_do_not_stale_analysis) ... ok
collect	UNKNOWN STEP	2026-09-22T18:47:44.4676053Z test_codex_draft_client_reads_yaml_without_network (tests.test_matching.MatchingTests.test_codex_draft_client_reads_yaml_without_network) ... ok
collect	UNKNOWN STEP	2026-09-22T18:47:44.4939875Z test_index_orders_analyzed_scores_then_unanalyzed (tests.test_matching.MatchingTests.test_index_orders_analyzed_scores_then_unanalyzed) ... ok
collect	UNKNOWN STEP	2026-09-22T18:47:44.5028521Z test_invalid_model_result_is_not_saved (tests.test_matching.MatchingTests.test_invalid_model_result_is_not_saved) ... ok
collect	UNKNOWN STEP	2026-09-22T18:47:44.5054610Z test_match_prompt_documents_candidate_specific_score_adjustments (tests.test_matching.MatchingTests.test_match_prompt_documents_candidate_specific_score_adjustments) ... ok
collect	UNKNOWN STEP	2026-09-22T18:47:44.5325884Z test_profile_change_and_force_both_bypass_cache (tests.test_matching.MatchingTests.test_profile_change_and_force_both_bypass_cache) ... ok
collect	UNKNOWN STEP	2026-09-22T18:47:44.5467098Z test_analysis_pack_can_be_scoped_to_selected_directories (tests.test_matching_batch.MatchingBatchTests.test_analysis_pack_can_be_scoped_to_selected_directories) ... ok
collect	UNKNOWN STEP	2026-09-22T18:47:44.8987881Z test_analysis_pack_caps_default_batch_and_rejects_invalid_limits (tests.test_matching_batch.MatchingBatchTests.test_analysis_pack_caps_default_batch_and_rejects_invalid_limits) ... ok
collect	UNKNOWN STEP	2026-09-22T18:47:44.9148232Z test_analysis_pack_orders_priority_vacancies_first (tests.test_matching_batch.MatchingBatchTests.test_analysis_pack_orders_priority_vacancies_first) ... ok
collect	UNKNOWN STEP	2026-09-22T18:47:45.1265251Z test_analysis_pack_skips_all_post_analysis_statuses (tests.test_matching_batch.MatchingBatchTests.test_analysis_pack_skips_all_post_analysis_statuses) ... ok
collect	UNKNOWN STEP	2026-09-22T18:47:45.1498795Z test_analysis_pack_skips_applied_vacancies (tests.test_matching_batch.MatchingBatchTests.test_analysis_pack_skips_applied_vacancies) ... ok
collect	UNKNOWN STEP	2026-09-22T18:47:45.1720242Z test_batch_publish_skips_vacancy_applied_after_pack_creation (tests.test_matching_batch.MatchingBatchTests.test_batch_publish_skips_vacancy_applied_after_pack_creation) ... ok
collect	UNKNOWN STEP	2026-09-22T18:47:45.1829112Z test_batch_rejects_missing_result_before_writing (tests.test_matching_batch.MatchingBatchTests.test_batch_rejects_missing_result_before_writing) ... ok
collect	UNKNOWN STEP	2026-09-22T18:47:45.2086181Z test_batch_rejects_pack_that_became_current_before_publish (tests.test_matching_batch.MatchingBatchTests.test_batch_rejects_pack_that_became_current_before_publish) ... ok
collect	UNKNOWN STEP	2026-09-22T18:47:45.2494783Z test_pack_excludes_current_analysis_for_selected_model (tests.test_matching_batch.MatchingBatchTests.test_pack_excludes_current_analysis_for_selected_model) ... ok
collect	UNKNOWN STEP	2026-09-22T18:47:45.2941979Z test_pack_round_trip_and_strict_publish (tests.test_matching_batch.MatchingBatchTests.test_pack_round_trip_and_strict_publish) ... ok
collect	UNKNOWN STEP	2026-09-22T18:47:45.3008358Z test_archive_scope_retains_only_confirmed_application_vacancy (tests.test_migration.MigrationPlanTests.test_archive_scope_retains_only_confirmed_application_vacancy) ... ok
collect	UNKNOWN STEP	2026-09-22T18:47:45.3018041Z test_direct_artifact_git_inventory_uses_nul_for_non_ascii_paths (tests.test_migration.MigrationPlanTests.test_direct_artifact_git_inventory_uses_nul_for_non_ascii_paths) ... ok
collect	UNKNOWN STEP	2026-09-22T18:47:45.3020892Z test_export_excludes_needs_review_and_includes_events (tests.test_migration.MigrationPlanTests.test_export_excludes_needs_review_and_includes_events) ... ok
collect	UNKNOWN STEP	2026-09-22T18:47:45.3022987Z test_import_is_idempotent_and_reconcile_ignores_store_envelope (tests.test_migration.MigrationPlanTests.test_import_is_idempotent_and_reconcile_ignores_store_envelope) ... ok
collect	UNKNOWN STEP	2026-09-22T18:47:45.3086519Z test_plan_retains_uuid_collision_as_ambiguous_identity (tests.test_migration.MigrationPlanTests.test_plan_retains_uuid_collision_as_ambiguous_identity) ... ok
collect	UNKNOWN STEP	2026-09-22T18:47:45.3110617Z test_prefilter_document_uses_runtime_vacancy_wrapper (tests.test_migration.MigrationPlanTests.test_prefilter_document_uses_runtime_vacancy_wrapper) ... ok
collect	UNKNOWN STEP	2026-09-22T18:47:45.3133063Z test_unreadable_archive_blocks_plan (tests.test_migration.MigrationPlanTests.test_unreadable_archive_blocks_plan) ... ok
collect	UNKNOWN STEP	2026-09-22T18:47:45.3135756Z test_application_channel_requires_submission_evidence (tests.test_migration.MigrationProjectionTests.test_application_channel_requires_submission_evidence) ... ok
collect	UNKNOWN STEP	2026-09-22T18:47:45.3138010Z test_applied_time_is_unknown_without_effective_date (tests.test_migration.MigrationProjectionTests.test_applied_time_is_unknown_without_effective_date) ... ok
collect	UNKNOWN STEP	2026-09-22T18:47:45.3140016Z test_completion_reason_is_scoped_to_each_attempt (tests.test_migration.MigrationProjectionTests.test_completion_reason_is_scoped_to_each_attempt) ... ok
collect	UNKNOWN STEP	2026-09-22T18:47:45.3142080Z test_confirmation_attempt_survives_later_reapplication (tests.test_migration.MigrationProjectionTests.test_confirmation_attempt_survives_later_reapplication) ... ok
collect	UNKNOWN STEP	2026-09-22T18:47:45.3144370Z test_explicit_actual_date_and_contradiction_are_preserved (tests.test_migration.MigrationProjectionTests.test_explicit_actual_date_and_contradiction_are_preserved) ... ok
collect	UNKNOWN STEP	2026-09-22T18:47:45.3146629Z test_explicit_submission_confirmation_creates_no_synthetic_status_event (tests.test_migration.MigrationProjectionTests.test_explicit_submission_confirmation_creates_no_synthetic_status_event) ... ok
collect	UNKNOWN STEP	2026-09-22T18:47:45.3148615Z test_ids_use_exact_stable_prefixes (tests.test_migration.MigrationProjectionTests.test_ids_use_exact_stable_prefixes) ... ok
collect	UNKNOWN STEP	2026-09-22T18:47:45.3150579Z test_manual_status_keeps_recorded_time_without_inventing_effective_time (tests.test_migration.MigrationProjectionTests.test_manual_status_keeps_recorded_time_without_inventing_effective_time) ... ok
collect	UNKNOWN STEP	2026-09-22T18:47:45.3152653Z test_package_locator_links_direct_folder_or_archive_at_revision (tests.test_migration.MigrationProjectionTests.test_package_locator_links_direct_folder_or_archive_at_revision) ... ok
collect	UNKNOWN STEP	2026-09-22T18:47:45.3155138Z test_repeated_applications_have_independent_status_windows (tests.test_migration.MigrationProjectionTests.test_repeated_applications_have_independent_status_windows) ... ok
collect	UNKNOWN STEP	2026-09-22T18:47:45.3156594Z test_same_second_transitions_follow_history_not_uuid_order (tests.test_migration.MigrationProjectionTests.test_same_second_transitions_follow_history_not_uuid_order) ... ok
collect	UNKNOWN STEP	2026-09-22T18:47:45.3157655Z setUpClass (tests.test_mongodb_storage.MongoStoreTests) ... skipped 'JOBINTEL_TEST_MONGODB_URI is not configured'
collect	UNKNOWN STEP	2026-09-22T18:47:45.3238608Z test_project_runtime_contains_no_openai_platform_client (tests.test_no_openai_api.NoOpenAIApiTests.test_project_runtime_contains_no_openai_platform_client) ... ok
collect	UNKNOWN STEP	2026-09-22T18:47:45.3241090Z test_company_suffix_only_removed_at_end (tests.test_normalization.NormalizationTests.test_company_suffix_only_removed_at_end) ... ok
collect	UNKNOWN STEP	2026-09-22T18:47:45.3243076Z test_fingerprint_normalizes_safe_variants (tests.test_normalization.NormalizationTests.test_fingerprint_normalizes_safe_variants) ... ok
collect	UNKNOWN STEP	2026-09-22T18:47:45.3245414Z test_html_conversion_removes_script_and_preserves_structure (tests.test_normalization.NormalizationTests.test_html_conversion_removes_script_and_preserves_structure) ... ok
collect	UNKNOWN STEP	2026-09-22T18:47:45.3247907Z test_remote_normalization_preserves_geography (tests.test_normalization.NormalizationTests.test_remote_normalization_preserves_geography) ... ok
collect	UNKNOWN STEP	2026-09-22T18:47:45.3248925Z test_allows_company_on_retry_date (tests.test_prefilter.PrefilterTests.test_allows_company_on_retry_date) ... ok
collect	UNKNOWN STEP	2026-09-22T18:47:45.3256557Z test_allows_go_and_php_aliases (tests.test_prefilter.PrefilterTests.test_allows_go_and_php_aliases) ... ok
collect	UNKNOWN STEP	2026-09-22T18:47:45.3263925Z test_allows_remote_us_when_eu_work_availability_is_explicit (tests.test_prefilter.PrefilterTests.test_allows_remote_us_when_eu_work_availability_is_explicit) ... ok
collect	UNKNOWN STEP	2026-09-22T18:47:45.3267231Z test_allows_roles_available_in_emea_and_americas_without_us_time_requirement (tests.test_prefilter.PrefilterTests.test_allows_roles_available_in_emea_and_americas_without_us_time_requirement) ... ok
collect	UNKNOWN STEP	2026-09-22T18:47:45.3279866Z test_allows_russian_ukrainian_and_optional_european_languages (tests.test_prefilter.PrefilterTests.test_allows_russian_ukrainian_and_optional_european_languages) ... ok
collect	UNKNOWN STEP	2026-09-22T18:47:45.3283155Z test_english_requirement_does_not_bypass_stack_rejections (tests.test_prefilter.PrefilterTests.test_english_requirement_does_not_bypass_stack_rejections) ... ok
collect	UNKNOWN STEP	2026-09-22T18:47:45.3285595Z test_english_requirement_is_green_light_for_local_language_text (tests.test_prefilter.PrefilterTests.test_english_requirement_is_green_light_for_local_language_text) ... ok
collect	UNKNOWN STEP	2026-09-22T18:47:45.3303374Z test_loads_company_retry_rules_from_profile (tests.test_prefilter.PrefilterTests.test_loads_company_retry_rules_from_profile) ... ok
collect	UNKNOWN STEP	2026-09-22T18:47:45.3334183Z test_rejected_registry_always_writes_reason (tests.test_prefilter.PrefilterTests.test_rejected_registry_always_writes_reason) ... ok
collect	UNKNOWN STEP	2026-09-22T18:47:45.3338685Z test_rejects_american_continent_time_requirements (tests.test_prefilter.PrefilterTests.test_rejects_american_continent_time_requirements) ... ok
collect	UNKNOWN STEP	2026-09-22T18:47:45.3347894Z test_rejects_blacklisted_stacks (tests.test_prefilter.PrefilterTests.test_rejects_blacklisted_stacks) ... ok
collect	UNKNOWN STEP	2026-09-22T18:47:45.3356190Z test_rejects_cms_vacancies (tests.test_prefilter.PrefilterTests.test_rejects_cms_vacancies) ... ok
collect	UNKNOWN STEP	2026-09-22T18:47:45.3357605Z test_rejects_company_before_cv_retry_date (tests.test_prefilter.PrefilterTests.test_rejects_company_before_cv_retry_date) ... ok
collect	UNKNOWN STEP	2026-09-22T18:47:45.3358757Z test_rejects_explicitly_non_remote_vacancies (tests.test_prefilter.PrefilterTests.test_rejects_explicitly_non_remote_vacancies) ... ok
collect	UNKNOWN STEP	2026-09-22T18:47:45.3369506Z test_rejects_hard_european_language_without_english (tests.test_prefilter.PrefilterTests.test_rejects_hard_european_language_without_english) ... ok
collect	UNKNOWN STEP	2026-09-22T18:47:45.3371438Z test_rejects_jobs_older_than_one_week (tests.test_prefilter.PrefilterTests.test_rejects_jobs_older_than_one_week) ... ok
collect	UNKNOWN STEP	2026-09-22T18:47:45.3373092Z test_rejects_obvious_role_mismatches (tests.test_prefilter.PrefilterTests.test_rejects_obvious_role_mismatches) ... ok
collect	UNKNOWN STEP	2026-09-22T18:47:45.3378675Z test_rejects_reported_non_target_stack_regressions (tests.test_prefilter.PrefilterTests.test_rejects_reported_non_target_stack_regressions) ... ok
collect	UNKNOWN STEP	2026-09-22T18:47:45.3381909Z test_requires_go_or_php_stack (tests.test_prefilter.PrefilterTests.test_requires_go_or_php_stack) ... ok
collect	UNKNOWN STEP	2026-09-22T18:47:45.3482604Z test_analysis_priority_is_stored_and_only_increases_on_merge (tests.test_registry.RegistryTests.test_analysis_priority_is_stored_and_only_increases_on_merge) ... ok
collect	UNKNOWN STEP	2026-09-22T18:47:45.3632812Z test_collection_cache_parses_registry_only_once (tests.test_registry.RegistryTests.test_collection_cache_parses_registry_only_once) ... ok
collect	UNKNOWN STEP	2026-09-22T18:47:45.3731647Z test_cross_source_match_merges_into_one_directory (tests.test_registry.RegistryTests.test_cross_source_match_merges_into_one_directory) ... ok
collect	UNKNOWN STEP	2026-09-22T18:47:45.3875396Z test_index_is_sorted_escaped_and_not_rewritten_when_current (tests.test_registry.RegistryTests.test_index_is_sorted_escaped_and_not_rewritten_when_current) ... ok
collect	UNKNOWN STEP	2026-09-22T18:47:45.3897897Z test_job_markdown_includes_posting_date_when_available (tests.test_registry.RegistryTests.test_job_markdown_includes_posting_date_when_available) ... ok
collect	UNKNOWN STEP	2026-09-22T18:47:45.3991973Z test_known_source_update_keeps_directory_and_discovery_time (tests.test_registry.RegistryTests.test_known_source_update_keeps_directory_and_discovery_time) ... ok
collect	UNKNOWN STEP	2026-09-22T18:47:45.4087789Z test_lower_ranked_source_does_not_replace_direct_content (tests.test_registry.RegistryTests.test_lower_ranked_source_does_not_replace_direct_content) ... ok
collect	UNKNOWN STEP	2026-09-22T18:47:45.4144053Z test_repeated_source_record_is_byte_for_byte_unchanged (tests.test_registry.RegistryTests.test_repeated_source_record_is_byte_for_byte_unchanged) ... ok
collect	UNKNOWN STEP	2026-09-22T18:47:45.4201677Z test_same_source_fingerprint_collision_stays_separate (tests.test_registry.RegistryTests.test_same_source_fingerprint_collision_stays_separate) ... ok
collect	UNKNOWN STEP	2026-09-22T18:47:45.4326144Z test_schema_v1_metadata_is_migrated_once (tests.test_registry.RegistryTests.test_schema_v1_metadata_is_migrated_once) ... ok
collect	UNKNOWN STEP	2026-09-22T18:47:45.4368363Z test_source_specific_metadata_is_stored_with_source_reference (tests.test_registry.RegistryTests.test_source_specific_metadata_is_stored_with_source_reference) ... ok
collect	UNKNOWN STEP	2026-09-22T18:47:45.4484559Z test_status_is_initialized_and_manual_updates_preserve_history (tests.test_registry.RegistryTests.test_status_is_initialized_and_manual_updates_preserve_history) ... ok
collect	UNKNOWN STEP	2026-09-22T18:47:45.4490219Z test_install_runtime_dependencies_installs_editable_project (tests.test_run_shim.RunShimTests.test_install_runtime_dependencies_installs_editable_project) ... ok
collect	UNKNOWN STEP	2026-09-22T18:47:45.4492952Z test_missing_runtime_dependencies_reports_pyyaml (tests.test_run_shim.RunShimTests.test_missing_runtime_dependencies_reports_pyyaml) ... ok
collect	UNKNOWN STEP	2026-09-22T18:47:45.4495659Z test_altered_immutable_history_event_fails_closed (tests.test_sheets_sync.SheetsSyncTests.test_altered_immutable_history_event_fails_closed) ... ok
collect	UNKNOWN STEP	2026-09-22T18:47:45.4497995Z test_duplicate_ids_fail_closed (tests.test_sheets_sync.SheetsSyncTests.test_duplicate_ids_fail_closed) ... ok
collect	UNKNOWN STEP	2026-09-22T18:47:45.4500011Z test_export_is_canonical_and_hashed (tests.test_sheets_sync.SheetsSyncTests.test_export_is_canonical_and_hashed) ... ok
collect	UNKNOWN STEP	2026-09-22T18:47:45.4505694Z test_global_export_revision_change_alone_is_a_noop (tests.test_sheets_sync.SheetsSyncTests.test_global_export_revision_change_alone_is_a_noop) ... ok
collect	UNKNOWN STEP	2026-09-22T18:47:45.4507489Z test_history_is_append_only_and_id_keyed (tests.test_sheets_sync.SheetsSyncTests.test_history_is_append_only_and_id_keyed) ... ok
collect	UNKNOWN STEP	2026-09-22T18:47:45.4509042Z test_incremental_requests_do_not_write_manual_columns (tests.test_sheets_sync.SheetsSyncTests.test_incremental_requests_do_not_write_manual_columns) ... ok
collect	UNKNOWN STEP	2026-09-22T18:47:45.4510166Z test_literal_values_use_string_value_not_formula_value (tests.test_sheets_sync.SheetsSyncTests.test_literal_values_use_string_value_not_formula_value) ... ok
collect	UNKNOWN STEP	2026-09-22T18:47:45.4515916Z test_moved_header_and_same_revision_data_mismatch_fail_closed (tests.test_sheets_sync.SheetsSyncTests.test_moved_header_and_same_revision_data_mismatch_fail_closed) ... ok
collect	UNKNOWN STEP	2026-09-22T18:47:45.4518088Z test_newer_observed_revision_is_a_conflict (tests.test_sheets_sync.SheetsSyncTests.test_newer_observed_revision_is_a_conflict) ... ok
collect	UNKNOWN STEP	2026-09-22T18:47:45.4519902Z test_noop_does_not_change_sync_timestamp (tests.test_sheets_sync.SheetsSyncTests.test_noop_does_not_change_sync_timestamp) ... ok
collect	UNKNOWN STEP	2026-09-22T18:47:45.4521998Z test_observation_preserves_append_space_for_unknown_cells (tests.test_sheets_sync.SheetsSyncTests.test_observation_preserves_append_space_for_unknown_cells) ... ok
collect	UNKNOWN STEP	2026-09-22T18:47:45.4524531Z test_plan_inserts_by_id_and_never_includes_manual_columns (tests.test_sheets_sync.SheetsSyncTests.test_plan_inserts_by_id_and_never_includes_manual_columns) ... ok
collect	UNKNOWN STEP	2026-09-22T18:47:45.4526500Z test_plan_is_safe_after_row_sorting (tests.test_sheets_sync.SheetsSyncTests.test_plan_is_safe_after_row_sorting) ... ok
collect	UNKNOWN STEP	2026-09-22T18:47:45.4528597Z test_readback_is_separate_and_detects_mismatch (tests.test_sheets_sync.SheetsSyncTests.test_readback_is_separate_and_detects_mismatch) ... ok
collect	UNKNOWN STEP	2026-09-22T18:47:45.4531010Z test_readback_requires_exact_history_and_rejects_duplicate_application_ids (tests.test_sheets_sync.SheetsSyncTests.test_readback_requires_exact_history_and_rejects_duplicate_application_ids) ... ok
collect	UNKNOWN STEP	2026-09-22T18:47:45.4533547Z test_setup_renames_only_confirmed_blank_sheet1_and_adds_views (tests.test_sheets_sync.SheetsSyncTests.test_setup_renames_only_confirmed_blank_sheet1_and_adds_views) ... ok
collect	UNKNOWN STEP	2026-09-22T18:47:45.4536795Z test_applied_and_interview_log_project_one_application_and_history (tests.test_storage_bridge.StorageBridgeIntegrationTests.test_applied_and_interview_log_project_one_application_and_history) ... skipped 'Mongo replica-set test environment is required'
collect	UNKNOWN STEP	2026-09-22T18:47:45.4540483Z test_archived_prefilter_recollection_keeps_stable_identity (tests.test_storage_bridge.StorageBridgeIntegrationTests.test_archived_prefilter_recollection_keeps_stable_identity) ... skipped 'Mongo replica-set test environment is required'
collect	UNKNOWN STEP	2026-09-22T18:47:45.4544461Z test_archived_source_identity_reuses_same_vacancy_and_status_callback_rolls_back (tests.test_storage_bridge.StorageBridgeIntegrationTests.test_archived_source_identity_reuses_same_vacancy_and_status_callback_rolls_back) ... skipped 'Mongo replica-set test environment is required'
collect	UNKNOWN STEP	2026-09-22T18:47:45.4548269Z test_bridge_uses_mongo_not_poisoned_operational_yaml_and_noop_collects (tests.test_storage_bridge.StorageBridgeIntegrationTests.test_bridge_uses_mongo_not_poisoned_operational_yaml_and_noop_collects) ... skipped 'Mongo replica-set test environment is required'
collect	UNKNOWN STEP	2026-09-22T18:47:45.4551741Z test_log_failure_rolls_back_status_log_and_projection (tests.test_storage_bridge.StorageBridgeIntegrationTests.test_log_failure_rolls_back_status_log_and_projection) ... skipped 'Mongo replica-set test environment is required'
collect	UNKNOWN STEP	2026-09-22T18:47:45.4555244Z test_match_freshness_and_manual_usage_are_mongo_backed (tests.test_storage_bridge.StorageBridgeIntegrationTests.test_match_freshness_and_manual_usage_are_mongo_backed) ... skipped 'Mongo replica-set test environment is required'
collect	UNKNOWN STEP	2026-09-22T18:47:45.4558726Z test_mongo_archive_retains_original_artifacts_without_unpublished_zip (tests.test_storage_bridge.StorageBridgeIntegrationTests.test_mongo_archive_retains_original_artifacts_without_unpublished_zip) ... skipped 'Mongo replica-set test environment is required'
collect	UNKNOWN STEP	2026-09-22T18:47:45.4562426Z test_package_publication_failure_restores_files_and_database_receipt (tests.test_storage_bridge.StorageBridgeIntegrationTests.test_package_publication_failure_restores_files_and_database_receipt) ... skipped 'Mongo replica-set test environment is required'
collect	UNKNOWN STEP	2026-09-22T18:47:45.4565832Z test_mongodb_without_uri_fails_instead_of_falling_back_to_yaml (tests.test_storage_bridge.StorageBridgeNoFallbackTests.test_mongodb_without_uri_fails_instead_of_falling_back_to_yaml) ... ok
collect	UNKNOWN STEP	2026-09-22T18:47:45.4568350Z test_source_identity_conflict_keeps_both_vacancy_ids (tests.test_storage_contract.StorageContractTests.test_source_identity_conflict_keeps_both_vacancy_ids) ... ok
collect	UNKNOWN STEP	2026-09-22T18:47:45.4570858Z test_enriches_blank_urls_when_url_precedes_vacancy_id (tests.test_telegram_notification.TelegramNotificationTests.test_enriches_blank_urls_when_url_precedes_vacancy_id) ... ok
collect	UNKNOWN STEP	2026-09-22T18:47:45.4584263Z test_enriches_unavailable_url_from_registry (tests.test_telegram_notification.TelegramNotificationTests.test_enriches_unavailable_url_from_registry) ... ok
collect	UNKNOWN STEP	2026-09-22T18:47:45.4717187Z test_failed_delivery_can_be_retried (tests.test_telegram_notification.TelegramNotificationTests.test_failed_delivery_can_be_retried) ... ok
collect	UNKNOWN STEP	2026-09-22T18:47:45.4719659Z test_formats_vacancies_with_safe_labels_and_blank_separator (tests.test_telegram_notification.TelegramNotificationTests.test_formats_vacancies_with_safe_labels_and_blank_separator) ... ok
collect	UNKNOWN STEP	2026-09-22T18:47:45.4733315Z test_loads_credentials_from_sources_env_with_environment_override (tests.test_telegram_notification.TelegramNotificationTests.test_loads_credentials_from_sources_env_with_environment_override) ... ok
collect	UNKNOWN STEP	2026-09-22T18:47:45.4755731Z test_message_with_initiator_adds_automation_id_once (tests.test_telegram_notification.TelegramNotificationTests.test_message_with_initiator_adds_automation_id_once) ... ok
collect	UNKNOWN STEP	2026-09-22T18:47:45.4758366Z test_preserves_unsent_message_with_unique_prefixed_name (tests.test_telegram_notification.TelegramNotificationTests.test_preserves_unsent_message_with_unique_prefixed_name) ... ok
collect	UNKNOWN STEP	2026-09-22T18:47:45.4760966Z test_rejects_vacancy_notification_with_missing_url (tests.test_telegram_notification.TelegramNotificationTests.test_rejects_vacancy_notification_with_missing_url) ... ok
collect	UNKNOWN STEP	2026-09-22T18:47:45.4763349Z test_sends_identical_notification_only_once (tests.test_telegram_notification.TelegramNotificationTests.test_sends_identical_notification_only_once) ... ok
collect	UNKNOWN STEP	2026-09-22T18:47:45.4784658Z test_sends_one_url_encoded_message_with_curl (tests.test_telegram_notification.TelegramNotificationTests.test_sends_one_url_encoded_message_with_curl) ... ok
collect	UNKNOWN STEP	2026-09-22T18:47:45.4795274Z test_builds_notification_only_for_eligible_non_rejected_results (tests.test_telegram_outbox.TelegramOutboxTests.test_builds_notification_only_for_eligible_non_rejected_results) ... ok
collect	UNKNOWN STEP	2026-09-22T18:47:45.4799481Z test_enqueue_is_deterministic_and_sent_manifest_suppresses_requeue (tests.test_telegram_outbox.TelegramOutboxTests.test_enqueue_is_deterministic_and_sent_manifest_suppresses_requeue) ... ok
collect	UNKNOWN STEP	2026-09-22T18:47:45.4801121Z test_rendered_message_has_the_sender_contract (tests.test_telegram_outbox.TelegramOutboxTests.test_rendered_message_has_the_sender_contract) ... ok
collect	UNKNOWN STEP	2026-09-22T18:47:45.4802810Z test_requires_source_url_for_an_eligible_vacancy (tests.test_telegram_outbox.TelegramOutboxTests.test_requires_source_url_for_an_eligible_vacancy) ... ok
collect	UNKNOWN STEP	2026-09-22T18:47:45.4804224Z test_returns_none_when_no_result_is_eligible (tests.test_telegram_outbox.TelegramOutboxTests.test_returns_none_when_no_result_is_eligible) ... ok
collect	UNKNOWN STEP	2026-09-22T18:47:45.4808881Z test_tampered_manifest_is_rejected (tests.test_telegram_outbox.TelegramOutboxTests.test_tampered_manifest_is_rejected) ... ok
collect	UNKNOWN STEP	2026-09-22T18:47:45.4821779Z test_sre_body_only_match_does_not_skip_model (tests.test_triage.TriageTests.test_sre_body_only_match_does_not_skip_model) ... ok
collect	UNKNOWN STEP	2026-09-22T18:47:45.4833805Z test_sre_title_is_high_confidence_model_skip (tests.test_triage.TriageTests.test_sre_title_is_high_confidence_model_skip) ... ok
collect	UNKNOWN STEP	2026-09-22T18:47:45.4860907Z test_written_sre_triage_skips_model (tests.test_triage.TriageTests.test_written_sre_triage_skips_model) ... ok
collect	UNKNOWN STEP	2026-09-22T18:47:45.4889118Z test_records_reported_run_and_derives_total (tests.test_usage.UsageTests.test_records_reported_run_and_derives_total) ... ok
collect	UNKNOWN STEP	2026-09-22T18:47:45.4893562Z test_rejects_negative_usage (tests.test_usage.UsageTests.test_rejects_negative_usage) ... ok
collect	UNKNOWN STEP	2026-09-22T18:47:45.4910785Z test_receipts_are_never_overwritten (tests.test_verify_restored_backup.VerifyRestoredBackupTests.test_receipts_are_never_overwritten) ... ok
collect	UNKNOWN STEP	2026-09-22T18:47:45.4913755Z test_reference_and_status_history_invariants (tests.test_verify_restored_backup.VerifyRestoredBackupTests.test_reference_and_status_history_invariants) ... ok
collect	UNKNOWN STEP	2026-09-22T18:47:45.4922155Z test_snapshot_comparison_preserves_compound_index_key_order (tests.test_verify_restored_backup.VerifyRestoredBackupTests.test_snapshot_comparison_preserves_compound_index_key_order) ... ok
collect	UNKNOWN STEP	2026-09-22T18:47:45.4927133Z test_test_uri_must_be_loopback_and_distinct_from_production (tests.test_verify_restored_backup.VerifyRestoredBackupTests.test_test_uri_must_be_loopback_and_distinct_from_production) ... ok
collect	UNKNOWN STEP	2026-09-22T18:47:45.4945628Z test_configurable_age_and_url_dedupe_with_different_guids (tests.test_weworkremotely.Tests.test_configurable_age_and_url_dedupe_with_different_guids) ... ok
collect	UNKNOWN STEP	2026-09-22T18:47:45.4960721Z test_dedupes_feeds_and_records_provenance (tests.test_weworkremotely.Tests.test_dedupes_feeds_and_records_provenance) ... ok
collect	UNKNOWN STEP	2026-09-22T18:47:45.4971730Z test_default_config_disables_devops_feed (tests.test_weworkremotely.Tests.test_default_config_disables_devops_feed) ... ok
collect	UNKNOWN STEP	2026-09-22T18:47:45.4989336Z test_filters_stale_and_non_target_jobs (tests.test_weworkremotely.Tests.test_filters_stale_and_non_target_jobs) ... ok
collect	UNKNOWN STEP	2026-09-22T18:47:45.4994985Z test_normalizes_full_official_fields (tests.test_weworkremotely.Tests.test_normalizes_full_official_fields) ... ok
collect	UNKNOWN STEP	2026-09-22T18:47:45.5004164Z test_rejects_invalid_max_age (tests.test_weworkremotely.Tests.test_rejects_invalid_max_age) ... ok
collect	UNKNOWN STEP	2026-09-22T18:47:45.5019579Z test_stable_guid_and_retry (tests.test_weworkremotely.Tests.test_stable_guid_and_retry) ... ok
collect	UNKNOWN STEP	2026-09-22T18:47:45.5033268Z test_strict_config_and_invalid_xml_title (tests.test_weworkremotely.Tests.test_strict_config_and_invalid_xml_title) ... ok
collect	UNKNOWN STEP	2026-09-22T18:47:45.5358341Z test_analyze_queue_excludes_post_analysis_statuses (tests.test_workflow_api.WorkflowApiTests.test_analyze_queue_excludes_post_analysis_statuses) ... ok
collect	UNKNOWN STEP	2026-09-22T18:47:45.5780300Z test_analyze_queue_orders_priority_items_first (tests.test_workflow_api.WorkflowApiTests.test_analyze_queue_orders_priority_items_first) ... ok
collect	UNKNOWN STEP	2026-09-22T18:47:45.5943162Z test_cli_api_outputs_json_without_source_env (tests.test_workflow_api.WorkflowApiTests.test_cli_api_outputs_json_without_source_env) ... ok
collect	UNKNOWN STEP	2026-09-22T18:47:45.6336890Z test_prepare_queue_is_disabled_for_manual_selection (tests.test_workflow_api.WorkflowApiTests.test_prepare_queue_is_disabled_for_manual_selection) ... ok
collect	UNKNOWN STEP	2026-09-22T18:47:45.6486307Z test_queue_rejects_non_positive_limit (tests.test_workflow_api.WorkflowApiTests.test_queue_rejects_non_positive_limit) ... ok
collect	UNKNOWN STEP	2026-09-22T18:47:45.6729319Z test_source_usage_and_catalog_contracts (tests.test_workflow_api.WorkflowApiTests.test_source_usage_and_catalog_contracts) ... ok
collect	UNKNOWN STEP	2026-09-22T18:47:45.7286292Z test_summary_and_queues_are_json_ready (tests.test_workflow_api.WorkflowApiTests.test_summary_and_queues_are_json_ready) ... ok
collect	UNKNOWN STEP	2026-09-22T18:47:45.7429320Z test_workflow_limits_expose_prepare_batch_size (tests.test_workflow_api.WorkflowApiTests.test_workflow_limits_expose_prepare_batch_size) ... ok
collect	UNKNOWN STEP	2026-09-22T18:47:45.7433425Z test_application_contract_has_bounded_research_and_output (tests.test_workflow_contracts.WorkflowContractTests.test_application_contract_has_bounded_research_and_output) ... ok
collect	UNKNOWN STEP	2026-09-22T18:47:45.7436582Z test_codex_commits_use_human_written_diff_specific_subjects (tests.test_workflow_contracts.WorkflowContractTests.test_codex_commits_use_human_written_diff_specific_subjects) ... ok
collect	UNKNOWN STEP	2026-09-22T18:47:45.7438513Z test_collection_push_race_queues_one_clean_rerun (tests.test_workflow_contracts.WorkflowContractTests.test_collection_push_race_queues_one_clean_rerun) ... ok
collect	UNKNOWN STEP	2026-09-22T18:47:45.7440365Z test_final_repository_checks_run_once (tests.test_workflow_contracts.WorkflowContractTests.test_final_repository_checks_run_once) ... ok
collect	UNKNOWN STEP	2026-09-22T18:47:45.7442450Z test_git_preflight_happens_once_before_model_work (tests.test_workflow_contracts.WorkflowContractTests.test_git_preflight_happens_once_before_model_work) ... ok
collect	UNKNOWN STEP	2026-09-22T18:47:45.7444420Z test_manual_skill_uses_direct_single_vacancy_analysis (tests.test_workflow_contracts.WorkflowContractTests.test_manual_skill_uses_direct_single_vacancy_analysis) ... ok
collect	UNKNOWN STEP	2026-09-22T18:47:45.7467212Z test_preparation_defaults_to_full_package_and_allows_one_explicit_document (tests.test_workflow_contracts.WorkflowContractTests.test_preparation_defaults_to_full_package_and_allows_one_explicit_document) ... ok
collect	UNKNOWN STEP	2026-09-22T18:47:45.7477847Z test_prepare_requires_same_profile_match_without_relabeling (tests.test_workflow_contracts.WorkflowContractTests.test_prepare_requires_same_profile_match_without_relabeling) ... ok
collect	UNKNOWN STEP	2026-09-22T18:47:45.7479911Z test_quality_contract_requires_two_wave_receipt_and_grounded_cover_letter (tests.test_workflow_contracts.WorkflowContractTests.test_quality_contract_requires_two_wave_receipt_and_grounded_cover_letter) ... ok
collect	UNKNOWN STEP	2026-09-22T18:47:45.7481875Z test_scheduled_analysis_uses_tracked_telegram_outbox (tests.test_workflow_contracts.WorkflowContractTests.test_scheduled_analysis_uses_tracked_telegram_outbox) ... ok
collect	UNKNOWN STEP	2026-09-22T18:47:45.7483723Z test_shared_manual_contract_does_not_use_the_scheduled_queue (tests.test_workflow_contracts.WorkflowContractTests.test_shared_manual_contract_does_not_use_the_scheduled_queue) ... ok
collect	UNKNOWN STEP	2026-09-22T18:47:45.7493669Z test_two_wave_preparation_assigns_wave_two_outputs_exclusively (tests.test_workflow_contracts.WorkflowContractTests.test_two_wave_preparation_assigns_wave_two_outputs_exclusively) ... ok
collect	UNKNOWN STEP	2026-09-22T18:47:45.7527823Z test_two_wave_preparation_finalizes_once_with_safe_fallback (tests.test_workflow_contracts.WorkflowContractTests.test_two_wave_preparation_finalizes_once_with_safe_fallback) ... ok
collect	UNKNOWN STEP	2026-09-22T18:47:45.7547887Z test_two_wave_preparation_has_parallel_parts_handoff_and_cv_barrier (tests.test_workflow_contracts.WorkflowContractTests.test_two_wave_preparation_has_parallel_parts_handoff_and_cv_barrier) ... ok
collect	UNKNOWN STEP	2026-09-22T18:47:45.7560576Z test_two_wave_preparation_routes_minimal_inputs (tests.test_workflow_contracts.WorkflowContractTests.test_two_wave_preparation_routes_minimal_inputs) ... ok
collect	UNKNOWN STEP	2026-09-22T18:47:45.7570329Z test_existing_token_allows_nested_commands (tests.test_workflow_lock.WorkflowLockTests.test_existing_token_allows_nested_commands) ... ok
collect	UNKNOWN STEP	2026-09-22T18:47:45.7582388Z test_lock_excludes_second_owner_until_released (tests.test_workflow_lock.WorkflowLockTests.test_lock_excludes_second_owner_until_released) ... ok
collect	UNKNOWN STEP	2026-09-22T18:47:45.7590084Z test_only_one_contender_can_claim_stale_lock_recovery (tests.test_workflow_lock.WorkflowLockTests.test_only_one_contender_can_claim_stale_lock_recovery) ... ok
collect	UNKNOWN STEP	2026-09-22T18:47:45.7596800Z test_invalid_prepare_min_score_is_rejected (tests.test_workflows.WorkflowPolicyTests.test_invalid_prepare_min_score_is_rejected) ... ok
collect	UNKNOWN STEP	2026-09-22T18:47:45.7617228Z test_model_profile_must_be_allowed_by_workflow (tests.test_workflows.WorkflowPolicyTests.test_model_profile_must_be_allowed_by_workflow) ... ok
collect	UNKNOWN STEP	2026-09-22T18:47:45.7639240Z test_prepare_batch_size_cannot_exceed_hard_limit (tests.test_workflows.WorkflowPolicyTests.test_prepare_batch_size_cannot_exceed_hard_limit) ... ok
collect	UNKNOWN STEP	2026-09-22T18:47:45.7658840Z test_repository_policy_routes_prepare_scores_without_overlap (tests.test_workflows.WorkflowPolicyTests.test_repository_policy_routes_prepare_scores_without_overlap) ... ok
collect	UNKNOWN STEP	2026-09-22T18:47:45.7660151Z 
collect	UNKNOWN STEP	2026-09-22T18:47:45.7660383Z ----------------------------------------------------------------------
collect	UNKNOWN STEP	2026-09-22T18:47:45.7660896Z Ran 327 tests in 3.592s
collect	UNKNOWN STEP	2026-09-22T18:47:45.7661111Z 
collect	UNKNOWN STEP	2026-09-22T18:47:45.7661241Z OK (skipped=10)
collect	UNKNOWN STEP	2026-09-22T18:47:45.7661557Z stale: eligible=1 minimum=1
collect	UNKNOWN STEP	2026-09-22T18:47:45.7662139Z Created /tmp/tmp4trrk_vs/archives/stale/2026-09-22.zip and removed 1 vacancy directories.
collect	UNKNOWN STEP	2026-09-22T18:47:45.7662802Z low-score: eligible=101 minimum=1
collect	UNKNOWN STEP	2026-09-22T18:47:45.7663451Z Created /tmp/tmppt4ggtfd/archives/low-score/2026-09-22.zip and removed 101 vacancy directories.
collect	UNKNOWN STEP	2026-09-22T18:47:45.7664419Z rejected: eligible=5 minimum=1
collect	UNKNOWN STEP	2026-09-22T18:47:45.7665043Z Created /tmp/tmpooy2vzf3/archives/rejected/2026-09-22.zip and removed 5 vacancy directories.
collect	UNKNOWN STEP	2026-09-22T18:47:45.7665715Z skipped: eligible=101 minimum=1
collect	UNKNOWN STEP	2026-09-22T18:47:45.7666336Z Created /tmp/tmpfkfbe5eh/archives/skipped/2026-09-22.zip and removed 101 vacancy directories.
collect	UNKNOWN STEP	2026-09-22T18:47:45.7666994Z stale: eligible=101 minimum=1
collect	UNKNOWN STEP	2026-09-22T18:47:45.7667583Z Created /tmp/tmp8e79294s/archives/stale/2026-09-22.zip and removed 101 vacancy directories.
collect	UNKNOWN STEP	2026-09-22T18:47:45.7668234Z low-score: eligible=2 minimum=1
collect	UNKNOWN STEP	2026-09-22T18:47:45.7668606Z low-score: eligible=100 minimum=101
collect	UNKNOWN STEP	2026-09-22T18:47:45.7669023Z No archive created; threshold not exceeded.
collect	UNKNOWN STEP	2026-09-22T18:47:45.7669448Z rejected: eligible=3 minimum=1
collect	UNKNOWN STEP	2026-09-22T18:47:45.7670050Z Created /tmp/tmpqhff4uri/archives/rejected/2026-09-22.zip and removed 3 vacancy directories.
collect	UNKNOWN STEP	2026-09-22T18:47:45.7670905Z rejected: eligible=3 minimum=1
collect	UNKNOWN STEP	2026-09-22T18:47:45.7671426Z Created /tmp/tmpqhff4uri/archives/rejected/2026-09-22-184743.zip and removed 3 vacancy directories.
collect	UNKNOWN STEP	2026-09-22T18:47:45.7671946Z skipped: eligible=2 minimum=1
collect	UNKNOWN STEP	2026-09-22T18:47:45.7672402Z Created /tmp/tmp898mmdfo/archives/skipped/2026-09-22.zip and removed 2 vacancy directories.
collect	UNKNOWN STEP	2026-09-22T18:47:45.7672886Z skipped: eligible=2 minimum=1
collect	UNKNOWN STEP	2026-09-22T18:47:45.7673355Z Created /tmp/tmp898mmdfo/archives/skipped/2026-09-22-184744.zip and removed 2 vacancy directories.
collect	UNKNOWN STEP	2026-09-22T18:47:45.8249990Z ##[group]Run bash .github/scripts/run-and-report.sh "Run repository doctor" hard python run.py doctor --ci
collect	UNKNOWN STEP	2026-09-22T18:47:45.8250807Z ^[[36;1mbash .github/scripts/run-and-report.sh "Run repository doctor" hard python run.py doctor --ci^[[0m
collect	UNKNOWN STEP	2026-09-22T18:47:45.8286436Z shell: /usr/bin/bash --noprofile --norc -e -o pipefail {0}
collect	UNKNOWN STEP	2026-09-22T18:47:45.8286822Z env:
collect	UNKNOWN STEP	2026-09-22T18:47:45.8287494Z   MONGODB_URI: ***
collect	UNKNOWN STEP	2026-09-22T18:47:45.8287777Z   JOBINTEL_DATABASE_NAME: job_intelligence
collect	UNKNOWN STEP	2026-09-22T18:47:45.8288122Z   ADZUNA_APP_ID: ***
collect	UNKNOWN STEP	2026-09-22T18:47:45.8288418Z   ADZUNA_APP_KEY: ***
collect	UNKNOWN STEP	2026-09-22T18:47:45.8288801Z   CLEANJOBDATA_API_KEY: ***
collect	UNKNOWN STEP	2026-09-22T18:47:45.8289127Z   JOOBLE_API_KEY: ***
collect	UNKNOWN STEP	2026-09-22T18:47:45.8289479Z   TELEGRAM_BOT_TOKEN: ***
collect	UNKNOWN STEP	2026-09-22T18:47:45.8289750Z   TELEGRAM_CHAT_ID: ***
collect	UNKNOWN STEP	2026-09-22T18:47:45.8290015Z   JOBINTEL_COLLECTION_LIMIT: 100
collect	UNKNOWN STEP	2026-09-22T18:47:45.8290429Z   pythonLocation: /opt/hostedtoolcache/Python/3.11.16/x64
collect	UNKNOWN STEP	2026-09-22T18:47:45.8290932Z   PKG_CONFIG_PATH: /opt/hostedtoolcache/Python/3.11.16/x64/lib/pkgconfig
collect	UNKNOWN STEP	2026-09-22T18:47:45.8291394Z   Python_ROOT_DIR: /opt/hostedtoolcache/Python/3.11.16/x64
collect	UNKNOWN STEP	2026-09-22T18:47:45.8291812Z   Python2_ROOT_DIR: /opt/hostedtoolcache/Python/3.11.16/x64
collect	UNKNOWN STEP	2026-09-22T18:47:45.8292228Z   Python3_ROOT_DIR: /opt/hostedtoolcache/Python/3.11.16/x64
collect	UNKNOWN STEP	2026-09-22T18:47:45.8292648Z   LD_LIBRARY_PATH: /opt/hostedtoolcache/Python/3.11.16/x64/lib
collect	UNKNOWN STEP	2026-09-22T18:47:45.8293006Z ##[endgroup]
collect	UNKNOWN STEP	2026-09-22T18:47:45.9274622Z OK: workflow policy
collect	UNKNOWN STEP	2026-09-22T18:47:45.9275589Z OK: source environment (/home/runner/work/job-intelligence/job-intelligence/sources/.env)
collect	UNKNOWN STEP	2026-09-22T18:47:45.9276725Z OK: candidate source /home/runner/work/job-intelligence/job-intelligence/registry/candidate/linkedin-profile.md
collect	UNKNOWN STEP	2026-09-22T18:47:45.9277959Z OK: candidate source /home/runner/work/job-intelligence/job-intelligence/registry/candidate/backend-engineer-cv.md
collect	UNKNOWN STEP	2026-09-22T18:47:45.9280140Z OK: candidate source /home/runner/work/job-intelligence/job-intelligence/registry/candidate/user-confirmed-career-clarifications.md
collect	UNKNOWN STEP	2026-09-22T18:47:45.9282006Z OK: prompt /home/runner/work/job-intelligence/job-intelligence/prompts/vacancy-match.md
collect	UNKNOWN STEP	2026-09-22T18:47:45.9283187Z OK: prompt /home/runner/work/job-intelligence/job-intelligence/prompts/vacancy-application.md
collect	UNKNOWN STEP	2026-09-22T18:47:45.9284172Z SKIP: host-local DOCX converter checks (--ci)
collect	UNKNOWN STEP	2026-09-22T18:47:45.9284917Z NOTE: Codex model, network, and sandbox permissions are configured outside the repository.
collect	UNKNOWN STEP	2026-09-22T18:47:45.9474647Z ##[group]Run bash .github/scripts/run-and-report.sh "Workflow summary" hard python run.py api workflow-summary --json
collect	UNKNOWN STEP	2026-09-22T18:47:45.9476290Z ^[[36;1mbash .github/scripts/run-and-report.sh "Workflow summary" hard python run.py api workflow-summary --json^[[0m
collect	UNKNOWN STEP	2026-09-22T18:47:45.9529158Z shell: /usr/bin/bash --noprofile --norc -e -o pipefail {0}
collect	UNKNOWN STEP	2026-09-22T18:47:45.9529841Z env:
collect	UNKNOWN STEP	2026-09-22T18:47:45.9531060Z   MONGODB_URI: ***
collect	UNKNOWN STEP	2026-09-22T18:47:45.9531572Z   JOBINTEL_DATABASE_NAME: job_intelligence
collect	UNKNOWN STEP	2026-09-22T18:47:45.9532218Z   ADZUNA_APP_ID: ***
collect	UNKNOWN STEP	2026-09-22T18:47:45.9532792Z   ADZUNA_APP_KEY: ***
collect	UNKNOWN STEP	2026-09-22T18:47:45.9533513Z   CLEANJOBDATA_API_KEY: ***
collect	UNKNOWN STEP	2026-09-22T18:47:45.9534402Z   JOOBLE_API_KEY: ***
collect	UNKNOWN STEP	2026-09-22T18:47:45.9535095Z   TELEGRAM_BOT_TOKEN: ***
collect	UNKNOWN STEP	2026-09-22T18:47:45.9535617Z   TELEGRAM_CHAT_ID: ***
collect	UNKNOWN STEP	2026-09-22T18:47:45.9536130Z   JOBINTEL_COLLECTION_LIMIT: 100
collect	UNKNOWN STEP	2026-09-22T18:47:45.9536804Z   pythonLocation: /opt/hostedtoolcache/Python/3.11.16/x64
collect	UNKNOWN STEP	2026-09-22T18:47:45.9538104Z   PKG_CONFIG_PATH: /opt/hostedtoolcache/Python/3.11.16/x64/lib/pkgconfig
collect	UNKNOWN STEP	2026-09-22T18:47:45.9539042Z   Python_ROOT_DIR: /opt/hostedtoolcache/Python/3.11.16/x64
collect	UNKNOWN STEP	2026-09-22T18:47:45.9539865Z   Python2_ROOT_DIR: /opt/hostedtoolcache/Python/3.11.16/x64
collect	UNKNOWN STEP	2026-09-22T18:47:45.9540676Z   Python3_ROOT_DIR: /opt/hostedtoolcache/Python/3.11.16/x64
collect	UNKNOWN STEP	2026-09-22T18:47:45.9541501Z   LD_LIBRARY_PATH: /opt/hostedtoolcache/Python/3.11.16/x64/lib
collect	UNKNOWN STEP	2026-09-22T18:47:45.9542193Z ##[endgroup]
collect	UNKNOWN STEP	2026-09-22T18:49:58.5430506Z {
collect	UNKNOWN STEP	2026-09-22T18:49:58.5430806Z   "analyzed_total": 50,
collect	UNKNOWN STEP	2026-09-22T18:49:58.5431130Z   "pending_analyze": 3,
collect	UNKNOWN STEP	2026-09-22T18:49:58.5431395Z   "pending_prepare": 0,
collect	UNKNOWN STEP	2026-09-22T18:49:58.5431655Z   "prepared_total": 15,
collect	UNKNOWN STEP	2026-09-22T18:49:58.5431908Z   "rejected_total": 50,
collect	UNKNOWN STEP	2026-09-22T18:49:58.5432158Z   "vacancies_active": 53,
collect	UNKNOWN STEP	2026-09-22T18:49:58.5432438Z   "vacancies_total": 53
collect	UNKNOWN STEP	2026-09-22T18:49:58.5432673Z }
collect	UNKNOWN STEP	2026-09-22T18:49:59.0276140Z ##[group]Run bash .github/scripts/run-and-report.sh "Workflow limits" hard python run.py api workflow-limits --json
collect	UNKNOWN STEP	2026-09-22T18:49:59.0277047Z ^[[36;1mbash .github/scripts/run-and-report.sh "Workflow limits" hard python run.py api workflow-limits --json^[[0m
collect	UNKNOWN STEP	2026-09-22T18:49:59.0311785Z shell: /usr/bin/bash --noprofile --norc -e -o pipefail {0}
collect	UNKNOWN STEP	2026-09-22T18:49:59.0312166Z env:
collect	UNKNOWN STEP	2026-09-22T18:49:59.0312864Z   MONGODB_URI: ***
collect	UNKNOWN STEP	2026-09-22T18:49:59.0313152Z   JOBINTEL_DATABASE_NAME: job_intelligence
collect	UNKNOWN STEP	2026-09-22T18:49:59.0313491Z   ADZUNA_APP_ID: ***
collect	UNKNOWN STEP	2026-09-22T18:49:59.0313956Z   ADZUNA_APP_KEY: ***
collect	UNKNOWN STEP	2026-09-22T18:49:59.0314354Z   CLEANJOBDATA_API_KEY: ***
collect	UNKNOWN STEP	2026-09-22T18:49:59.0314698Z   JOOBLE_API_KEY: ***
collect	UNKNOWN STEP	2026-09-22T18:49:59.0315073Z   TELEGRAM_BOT_TOKEN: ***
collect	UNKNOWN STEP	2026-09-22T18:49:59.0315388Z   TELEGRAM_CHAT_ID: ***
collect	UNKNOWN STEP	2026-09-22T18:49:59.0315686Z   JOBINTEL_COLLECTION_LIMIT: 100
collect	UNKNOWN STEP	2026-09-22T18:49:59.0316054Z   pythonLocation: /opt/hostedtoolcache/Python/3.11.16/x64
collect	UNKNOWN STEP	2026-09-22T18:49:59.0316579Z   PKG_CONFIG_PATH: /opt/hostedtoolcache/Python/3.11.16/x64/lib/pkgconfig
collect	UNKNOWN STEP	2026-09-22T18:49:59.0317073Z   Python_ROOT_DIR: /opt/hostedtoolcache/Python/3.11.16/x64
collect	UNKNOWN STEP	2026-09-22T18:49:59.0317531Z   Python2_ROOT_DIR: /opt/hostedtoolcache/Python/3.11.16/x64
collect	UNKNOWN STEP	2026-09-22T18:49:59.0317980Z   Python3_ROOT_DIR: /opt/hostedtoolcache/Python/3.11.16/x64
collect	UNKNOWN STEP	2026-09-22T18:49:59.0318432Z   LD_LIBRARY_PATH: /opt/hostedtoolcache/Python/3.11.16/x64/lib
collect	UNKNOWN STEP	2026-09-22T18:49:59.0318828Z ##[endgroup]
collect	UNKNOWN STEP	2026-09-22T18:49:59.1297007Z {
collect	UNKNOWN STEP	2026-09-22T18:49:59.1297502Z   "analyze_batch_size": 15,
collect	UNKNOWN STEP	2026-09-22T18:49:59.1298079Z   "analyze_max_estimated_input_tokens": 9000,
collect	UNKNOWN STEP	2026-09-22T18:49:59.1298700Z   "collection_limit_per_source": 100,
collect	UNKNOWN STEP	2026-09-22T18:49:59.1299254Z   "prepare_batch_size": 10,
collect	UNKNOWN STEP	2026-09-22T18:49:59.1299752Z   "prepare_max_age_days": 7,
collect	UNKNOWN STEP	2026-09-22T18:49:59.1300296Z   "prepare_max_estimated_input_tokens": 18000,
collect	UNKNOWN STEP	2026-09-22T18:49:59.1300884Z   "prepare_min_score": 65
collect	UNKNOWN STEP	2026-09-22T18:49:59.1301323Z }
collect	UNKNOWN STEP	2026-09-22T18:49:59.1493166Z ##[group]Run bash .github/scripts/run-and-report.sh "Analyze queue" hard python run.py api queues analyze --json --limit 60
collect	UNKNOWN STEP	2026-09-22T18:49:59.1494534Z ^[[36;1mbash .github/scripts/run-and-report.sh "Analyze queue" hard python run.py api queues analyze --json --limit 60^[[0m
collect	UNKNOWN STEP	2026-09-22T18:49:59.1530255Z shell: /usr/bin/bash --noprofile --norc -e -o pipefail {0}
collect	UNKNOWN STEP	2026-09-22T18:49:59.1530640Z env:
collect	UNKNOWN STEP	2026-09-22T18:49:59.1531337Z   MONGODB_URI: ***
collect	UNKNOWN STEP	2026-09-22T18:49:59.1531620Z   JOBINTEL_DATABASE_NAME: job_intelligence
collect	UNKNOWN STEP	2026-09-22T18:49:59.1531965Z   ADZUNA_APP_ID: ***
collect	UNKNOWN STEP	2026-09-22T18:49:59.1532281Z   ADZUNA_APP_KEY: ***
collect	UNKNOWN STEP	2026-09-22T18:49:59.1532685Z   CLEANJOBDATA_API_KEY: ***
collect	UNKNOWN STEP	2026-09-22T18:49:59.1533033Z   JOOBLE_API_KEY: ***
collect	UNKNOWN STEP	2026-09-22T18:49:59.1533409Z   TELEGRAM_BOT_TOKEN: ***
collect	UNKNOWN STEP	2026-09-22T18:49:59.1533689Z   TELEGRAM_CHAT_ID: ***
collect	UNKNOWN STEP	2026-09-22T18:49:59.1534253Z   JOBINTEL_COLLECTION_LIMIT: 100
collect	UNKNOWN STEP	2026-09-22T18:49:59.1534629Z   pythonLocation: /opt/hostedtoolcache/Python/3.11.16/x64
collect	UNKNOWN STEP	2026-09-22T18:49:59.1535146Z   PKG_CONFIG_PATH: /opt/hostedtoolcache/Python/3.11.16/x64/lib/pkgconfig
collect	UNKNOWN STEP	2026-09-22T18:49:59.1535625Z   Python_ROOT_DIR: /opt/hostedtoolcache/Python/3.11.16/x64
collect	UNKNOWN STEP	2026-09-22T18:49:59.1536262Z   Python2_ROOT_DIR: /opt/hostedtoolcache/Python/3.11.16/x64
collect	UNKNOWN STEP	2026-09-22T18:49:59.1536709Z   Python3_ROOT_DIR: /opt/hostedtoolcache/Python/3.11.16/x64
collect	UNKNOWN STEP	2026-09-22T18:49:59.1537156Z   LD_LIBRARY_PATH: /opt/hostedtoolcache/Python/3.11.16/x64/lib
collect	UNKNOWN STEP	2026-09-22T18:49:59.1537529Z ##[endgroup]
collect	UNKNOWN STEP	2026-09-22T18:51:23.7860037Z {
collect	UNKNOWN STEP	2026-09-22T18:51:23.7860589Z   "items": [
collect	UNKNOWN STEP	2026-09-22T18:51:23.7861060Z     {
collect	UNKNOWN STEP	2026-09-22T18:51:23.7861401Z       "analysis_priority": 100,
collect	UNKNOWN STEP	2026-09-22T18:51:23.7862022Z       "budget_status": "ok",
collect	UNKNOWN STEP	2026-09-22T18:51:23.7862616Z       "company": "TrueLabel",
collect	UNKNOWN STEP	2026-09-22T18:51:23.7863423Z       "directory": "2026-09-21_170310_truelabel_php-software-engineer",
collect	UNKNOWN STEP	2026-09-22T18:51:23.7864759Z       "estimated_input_tokens": 6879,
collect	UNKNOWN STEP	2026-09-22T18:51:23.7865433Z       "reasons": [
collect	UNKNOWN STEP	2026-09-22T18:51:23.7866028Z         "analysis_missing_or_stale"
collect	UNKNOWN STEP	2026-09-22T18:51:23.7866669Z       ],
collect	UNKNOWN STEP	2026-09-22T18:51:23.7867153Z       "score": null,
collect	UNKNOWN STEP	2026-09-22T18:51:23.7867870Z       "source_url": "https://jobs.dou.ua/companies/truelabel/vacancies/374027/",
collect	UNKNOWN STEP	2026-09-22T18:51:23.7868506Z       "status": "found",
collect	UNKNOWN STEP	2026-09-22T18:51:23.7868892Z       "title": "PHP Software Engineer",
collect	UNKNOWN STEP	2026-09-22T18:51:23.7869405Z       "vacancy_id": "27faf9b3-1692-40cb-9592-afc543b8c24b",
collect	UNKNOWN STEP	2026-09-22T18:51:23.7869908Z       "workflow": "analyze"
collect	UNKNOWN STEP	2026-09-22T18:51:23.7870264Z     },
collect	UNKNOWN STEP	2026-09-22T18:51:23.7870546Z     {
collect	UNKNOWN STEP	2026-09-22T18:51:23.7870855Z       "analysis_priority": 100,
collect	UNKNOWN STEP	2026-09-22T18:51:23.7871248Z       "budget_status": "ok",
collect	UNKNOWN STEP	2026-09-22T18:51:23.7871633Z       "company": "Readdle",
collect	UNKNOWN STEP	2026-09-22T18:51:23.7872297Z       "directory": "2026-09-21_170310_readdle_senior-backend-engineer-php-symfony-fluix-team",
collect	UNKNOWN STEP	2026-09-22T18:51:23.7873068Z       "estimated_input_tokens": 7132,
collect	UNKNOWN STEP	2026-09-22T18:51:23.7873485Z       "reasons": [
collect	UNKNOWN STEP	2026-09-22T18:51:23.7874080Z         "analysis_missing_or_stale"
collect	UNKNOWN STEP	2026-09-22T18:51:23.7874478Z       ],
collect	UNKNOWN STEP	2026-09-22T18:51:23.7874785Z       "score": null,
collect	UNKNOWN STEP	2026-09-22T18:51:23.7875205Z       "source_url": "https://jobs.dou.ua/companies/readdle-inc/vacancies/374074/",
collect	UNKNOWN STEP	2026-09-22T18:51:23.7875646Z       "status": "found",
collect	UNKNOWN STEP	2026-09-22T18:51:23.7876223Z       "title": "Senior Backend Engineer (PHP, Symfony) — Fluix Team",
collect	UNKNOWN STEP	2026-09-22T18:51:23.7876663Z       "vacancy_id": "3a7f3891-cd46-4200-87c3-a693acb19a19",
collect	UNKNOWN STEP	2026-09-22T18:51:23.7877004Z       "workflow": "analyze"
collect	UNKNOWN STEP	2026-09-22T18:51:23.7877248Z     },
collect	UNKNOWN STEP	2026-09-22T18:51:23.7877461Z     {
collect	UNKNOWN STEP	2026-09-22T18:51:23.7877677Z       "analysis_priority": 0,
collect	UNKNOWN STEP	2026-09-22T18:51:23.7877951Z       "budget_status": "ok",
collect	UNKNOWN STEP	2026-09-22T18:51:23.7878217Z       "company": "Contabo",
collect	UNKNOWN STEP	2026-09-22T18:51:23.7878672Z       "directory": "2026-09-21_210312_contabo_senior-software-developer-platform-infrastructur",
collect	UNKNOWN STEP	2026-09-22T18:51:23.7879175Z       "estimated_input_tokens": 6797,
collect	UNKNOWN STEP	2026-09-22T18:51:23.7879456Z       "reasons": [
collect	UNKNOWN STEP	2026-09-22T18:51:23.7880026Z         "analysis_missing_or_stale"
collect	UNKNOWN STEP	2026-09-22T18:51:23.7880316Z       ],
collect	UNKNOWN STEP	2026-09-22T18:51:23.7880527Z       "score": null,
collect	UNKNOWN STEP	2026-09-22T18:51:23.7881302Z       "source_url": "https://www.arbeitnow.com/jobs/companies/contabo/remote-senior-software-developer-platform-infrastructure-engineering-all-genders-374552",
collect	UNKNOWN STEP	2026-09-22T18:51:23.7882122Z       "status": "found",
collect	UNKNOWN STEP	2026-09-22T18:51:23.7882640Z       "title": "Senior Software Developer – Platform & Infrastructure Engineering (all genders)",
collect	UNKNOWN STEP	2026-09-22T18:51:23.7883182Z       "vacancy_id": "05d47cd0-3e51-4c7f-b137-7ce593ec0cb3",
collect	UNKNOWN STEP	2026-09-22T18:51:23.7883529Z       "workflow": "analyze"
collect	UNKNOWN STEP	2026-09-22T18:51:23.7883989Z     }
collect	UNKNOWN STEP	2026-09-22T18:51:23.7884219Z   ],
collect	UNKNOWN STEP	2026-09-22T18:51:23.7884427Z   "limit": 60,
collect	UNKNOWN STEP	2026-09-22T18:51:23.7884656Z   "workflow": "analyze"
collect	UNKNOWN STEP	2026-09-22T18:51:23.7884898Z }
collect	UNKNOWN STEP	2026-09-22T18:51:24.2430282Z ##[group]Run bash .github/scripts/run-and-report.sh "Preparation queue" hard python run.py api queues prepare --json --limit 20
collect	UNKNOWN STEP	2026-09-22T18:51:24.2431261Z ^[[36;1mbash .github/scripts/run-and-report.sh "Preparation queue" hard python run.py api queues prepare --json --limit 20^[[0m
collect	UNKNOWN STEP	2026-09-22T18:51:24.2466373Z shell: /usr/bin/bash --noprofile --norc -e -o pipefail {0}
collect	UNKNOWN STEP	2026-09-22T18:51:24.2466751Z env:
collect	UNKNOWN STEP	2026-09-22T18:51:24.2467420Z   MONGODB_URI: ***
collect	UNKNOWN STEP	2026-09-22T18:51:24.2467699Z   JOBINTEL_DATABASE_NAME: job_intelligence
collect	UNKNOWN STEP	2026-09-22T18:51:24.2468027Z   ADZUNA_APP_ID: ***
collect	UNKNOWN STEP	2026-09-22T18:51:24.2468327Z   ADZUNA_APP_KEY: ***
collect	UNKNOWN STEP	2026-09-22T18:51:24.2468708Z   CLEANJOBDATA_API_KEY: ***
collect	UNKNOWN STEP	2026-09-22T18:51:24.2469037Z   JOOBLE_API_KEY: ***
collect	UNKNOWN STEP	2026-09-22T18:51:24.2469399Z   TELEGRAM_BOT_TOKEN: ***
collect	UNKNOWN STEP	2026-09-22T18:51:24.2469677Z   TELEGRAM_CHAT_ID: ***
collect	UNKNOWN STEP	2026-09-22T18:51:24.2469940Z   JOBINTEL_COLLECTION_LIMIT: 100
collect	UNKNOWN STEP	2026-09-22T18:51:24.2470292Z   pythonLocation: /opt/hostedtoolcache/Python/3.11.16/x64
collect	UNKNOWN STEP	2026-09-22T18:51:24.2470802Z   PKG_CONFIG_PATH: /opt/hostedtoolcache/Python/3.11.16/x64/lib/pkgconfig
collect	UNKNOWN STEP	2026-09-22T18:51:24.2471281Z   Python_ROOT_DIR: /opt/hostedtoolcache/Python/3.11.16/x64
collect	UNKNOWN STEP	2026-09-22T18:51:24.2471699Z   Python2_ROOT_DIR: /opt/hostedtoolcache/Python/3.11.16/x64
collect	UNKNOWN STEP	2026-09-22T18:51:24.2472168Z   Python3_ROOT_DIR: /opt/hostedtoolcache/Python/3.11.16/x64
collect	UNKNOWN STEP	2026-09-22T18:51:24.2472609Z   LD_LIBRARY_PATH: /opt/hostedtoolcache/Python/3.11.16/x64/lib
collect	UNKNOWN STEP	2026-09-22T18:51:24.2472974Z ##[endgroup]
collect	UNKNOWN STEP	2026-09-22T18:51:24.3454587Z {
collect	UNKNOWN STEP	2026-09-22T18:51:24.3455025Z   "items": [],
collect	UNKNOWN STEP	2026-09-22T18:51:24.3455427Z   "limit": 20,
collect	UNKNOWN STEP	2026-09-22T18:51:24.3455821Z   "workflow": "prepare"
collect	UNKNOWN STEP	2026-09-22T18:51:24.3456226Z }
collect	UNKNOWN STEP	2026-09-22T18:51:24.3643549Z ##[group]Run bash .github/scripts/run-and-report.sh "Source API usage" hard python run.py api source-usage --json
collect	UNKNOWN STEP	2026-09-22T18:51:24.3644688Z ^[[36;1mbash .github/scripts/run-and-report.sh "Source API usage" hard python run.py api source-usage --json^[[0m
collect	UNKNOWN STEP	2026-09-22T18:51:24.3679454Z shell: /usr/bin/bash --noprofile --norc -e -o pipefail {0}
collect	UNKNOWN STEP	2026-09-22T18:51:24.3679833Z env:
collect	UNKNOWN STEP	2026-09-22T18:51:24.3680503Z   MONGODB_URI: ***
collect	UNKNOWN STEP	2026-09-22T18:51:24.3680783Z   JOBINTEL_DATABASE_NAME: job_intelligence
collect	UNKNOWN STEP	2026-09-22T18:51:24.3681112Z   ADZUNA_APP_ID: ***
collect	UNKNOWN STEP	2026-09-22T18:51:24.3681408Z   ADZUNA_APP_KEY: ***
collect	UNKNOWN STEP	2026-09-22T18:51:24.3681798Z   CLEANJOBDATA_API_KEY: ***
collect	UNKNOWN STEP	2026-09-22T18:51:24.3682119Z   JOOBLE_API_KEY: ***
collect	UNKNOWN STEP	2026-09-22T18:51:24.3682471Z   TELEGRAM_BOT_TOKEN: ***
collect	UNKNOWN STEP	2026-09-22T18:51:24.3682745Z   TELEGRAM_CHAT_ID: ***
collect	UNKNOWN STEP	2026-09-22T18:51:24.3683007Z   JOBINTEL_COLLECTION_LIMIT: 100
collect	UNKNOWN STEP	2026-09-22T18:51:24.3683361Z   pythonLocation: /opt/hostedtoolcache/Python/3.11.16/x64
collect	UNKNOWN STEP	2026-09-22T18:51:24.3684200Z   PKG_CONFIG_PATH: /opt/hostedtoolcache/Python/3.11.16/x64/lib/pkgconfig
collect	UNKNOWN STEP	2026-09-22T18:51:24.3684696Z   Python_ROOT_DIR: /opt/hostedtoolcache/Python/3.11.16/x64
collect	UNKNOWN STEP	2026-09-22T18:51:24.3685117Z   Python2_ROOT_DIR: /opt/hostedtoolcache/Python/3.11.16/x64
collect	UNKNOWN STEP	2026-09-22T18:51:24.3685532Z   Python3_ROOT_DIR: /opt/hostedtoolcache/Python/3.11.16/x64
collect	UNKNOWN STEP	2026-09-22T18:51:24.3685951Z   LD_LIBRARY_PATH: /opt/hostedtoolcache/Python/3.11.16/x64/lib
collect	UNKNOWN STEP	2026-09-22T18:51:24.3686305Z ##[endgroup]
collect	UNKNOWN STEP	2026-09-22T18:51:33.1411974Z {
collect	UNKNOWN STEP	2026-09-22T18:51:33.1412569Z   "sources": [
collect	UNKNOWN STEP	2026-09-22T18:51:33.1413067Z     {
collect	UNKNOWN STEP	2026-09-22T18:51:33.1413562Z       "last_created": 0,
collect	UNKNOWN STEP	2026-09-22T18:51:33.1414500Z       "last_errors": 0,
collect	UNKNOWN STEP	2026-09-22T18:51:33.1414903Z       "last_fetched": 11,
collect	UNKNOWN STEP	2026-09-22T18:51:33.1415237Z       "last_rejected": 8,
collect	UNKNOWN STEP	2026-09-22T18:51:33.1415555Z       "last_requests": 9,
collect	UNKNOWN STEP	2026-09-22T18:51:33.1415893Z       "last_run_at": "2026-09-22T18:22:53Z",
collect	UNKNOWN STEP	2026-09-22T18:51:33.1416296Z       "last_status": "completed",
collect	UNKNOWN STEP	2026-09-22T18:51:33.1416666Z       "last_updated": 0,
collect	UNKNOWN STEP	2026-09-22T18:51:33.1416994Z       "limit_reached": false,
collect	UNKNOWN STEP	2026-09-22T18:51:33.1417319Z       "runs": 467,
collect	UNKNOWN STEP	2026-09-22T18:51:33.1417606Z       "source": "adzuna",
collect	UNKNOWN STEP	2026-09-22T18:51:33.1417918Z       "total_requests": 3189
collect	UNKNOWN STEP	2026-09-22T18:51:33.1418234Z     },
collect	UNKNOWN STEP	2026-09-22T18:51:33.1418483Z     {
collect	UNKNOWN STEP	2026-09-22T18:51:33.1418745Z       "last_created": 0,
collect	UNKNOWN STEP	2026-09-22T18:51:33.1419046Z       "last_errors": 0,
collect	UNKNOWN STEP	2026-09-22T18:51:33.1419358Z       "last_fetched": 100,
collect	UNKNOWN STEP	2026-09-22T18:51:33.1419681Z       "last_rejected": 100,
collect	UNKNOWN STEP	2026-09-22T18:51:33.1420002Z       "last_requests": 1,
collect	UNKNOWN STEP	2026-09-22T18:51:33.1420334Z       "last_run_at": "2026-09-22T06:50:27Z",
collect	UNKNOWN STEP	2026-09-22T18:51:33.1421103Z       "last_status": "completed",
collect	UNKNOWN STEP	2026-09-22T18:51:33.1421466Z       "last_updated": 0,
collect	UNKNOWN STEP	2026-09-22T18:51:33.1421800Z       "limit_reached": true,
collect	UNKNOWN STEP	2026-09-22T18:51:33.1422138Z       "runs": 465,
collect	UNKNOWN STEP	2026-09-22T18:51:33.1422445Z       "source": "arbeitnow",
collect	UNKNOWN STEP	2026-09-22T18:51:33.1422793Z       "total_requests": 495
collect	UNKNOWN STEP	2026-09-22T18:51:33.1423122Z     },
collect	UNKNOWN STEP	2026-09-22T18:51:33.1423376Z     {
collect	UNKNOWN STEP	2026-09-22T18:51:33.1423648Z       "last_created": 0,
collect	UNKNOWN STEP	2026-09-22T18:51:33.1424118Z       "last_errors": 0,
collect	UNKNOWN STEP	2026-09-22T18:51:33.1424441Z       "last_fetched": 28,
collect	UNKNOWN STEP	2026-09-22T18:51:33.1424773Z       "last_rejected": 28,
collect	UNKNOWN STEP	2026-09-22T18:51:33.1425104Z       "last_requests": 14,
collect	UNKNOWN STEP	2026-09-22T18:51:33.1425452Z       "last_run_at": "2026-09-22T06:58:44Z",
collect	UNKNOWN STEP	2026-09-22T18:51:33.1425850Z       "last_status": "completed",
collect	UNKNOWN STEP	2026-09-22T18:51:33.1426213Z       "last_updated": 0,
collect	UNKNOWN STEP	2026-09-22T18:51:33.1426547Z       "limit_reached": false,
collect	UNKNOWN STEP	2026-09-22T18:51:33.1426889Z       "runs": 465,
collect	UNKNOWN STEP	2026-09-22T18:51:33.1427181Z       "source": "ashby",
collect	UNKNOWN STEP	2026-09-22T18:51:33.1427511Z       "total_requests": 6412
collect	UNKNOWN STEP	2026-09-22T18:51:33.1427837Z     },
collect	UNKNOWN STEP	2026-09-22T18:51:33.1428093Z     {
collect	UNKNOWN STEP	2026-09-22T18:51:33.1428364Z       "last_created": 0,
collect	UNKNOWN STEP	2026-09-22T18:51:33.1428686Z       "last_errors": 0,
collect	UNKNOWN STEP	2026-09-22T18:51:33.1428999Z       "last_fetched": 0,
collect	UNKNOWN STEP	2026-09-22T18:51:33.1429322Z       "last_rejected": 0,
collect	UNKNOWN STEP	2026-09-22T18:51:33.1429864Z       "last_requests": 4,
collect	UNKNOWN STEP	2026-09-22T18:51:33.1430210Z       "last_run_at": "2026-09-22T06:58:58Z",
collect	UNKNOWN STEP	2026-09-22T18:51:33.1430607Z       "last_status": "completed",
collect	UNKNOWN STEP	2026-09-22T18:51:33.1430970Z       "last_updated": 0,
collect	UNKNOWN STEP	2026-09-22T18:51:33.1431300Z       "limit_reached": false,
collect	UNKNOWN STEP	2026-09-22T18:51:33.1431637Z       "runs": 320,
collect	UNKNOWN STEP	2026-09-22T18:51:33.1431893Z       "source": "cleanjobdata",
collect	UNKNOWN STEP	2026-09-22T18:51:33.1432172Z       "total_requests": 1110
collect	UNKNOWN STEP	2026-09-22T18:51:33.1432420Z     },
collect	UNKNOWN STEP	2026-09-22T18:51:33.1432614Z     {
collect	UNKNOWN STEP	2026-09-22T18:51:33.1432822Z       "last_created": 0,
collect	UNKNOWN STEP	2026-09-22T18:51:33.1433071Z       "last_errors": 3,
collect	UNKNOWN STEP	2026-09-22T18:51:33.1433318Z       "last_fetched": 26,
collect	UNKNOWN STEP	2026-09-22T18:51:33.1433571Z       "last_rejected": 12,
collect	UNKNOWN STEP	2026-09-22T18:51:33.1433967Z       "last_requests": 47,
collect	UNKNOWN STEP	2026-09-22T18:51:33.1434236Z       "last_run_at": "2026-09-22T07:03:04Z",
collect	UNKNOWN STEP	2026-09-22T18:51:33.1434541Z       "last_status": "failed",
collect	UNKNOWN STEP	2026-09-22T18:51:33.1434810Z       "last_updated": 5,
collect	UNKNOWN STEP	2026-09-22T18:51:33.1435075Z       "limit_reached": false,
collect	UNKNOWN STEP	2026-09-22T18:51:33.1435336Z       "runs": 462,
collect	UNKNOWN STEP	2026-09-22T18:51:33.1435570Z       "source": "custom",
collect	UNKNOWN STEP	2026-09-22T18:51:33.1435824Z       "total_requests": 17140
collect	UNKNOWN STEP	2026-09-22T18:51:33.1436071Z     },
collect	UNKNOWN STEP	2026-09-22T18:51:33.1436271Z     {
collect	UNKNOWN STEP	2026-09-22T18:51:33.1436480Z       "last_created": 0,
collect	UNKNOWN STEP	2026-09-22T18:51:33.1436730Z       "last_errors": 0,
collect	UNKNOWN STEP	2026-09-22T18:51:33.1436972Z       "last_fetched": 39,
collect	UNKNOWN STEP	2026-09-22T18:51:33.1437228Z       "last_rejected": 26,
collect	UNKNOWN STEP	2026-09-22T18:51:33.1437484Z       "last_requests": 42,
collect	UNKNOWN STEP	2026-09-22T18:51:33.1437746Z       "last_run_at": "2026-09-22T07:11:12Z",
collect	UNKNOWN STEP	2026-09-22T18:51:33.1438053Z       "last_status": "completed",
collect	UNKNOWN STEP	2026-09-22T18:51:33.1438340Z       "last_updated": 0,
collect	UNKNOWN STEP	2026-09-22T18:51:33.1438590Z       "limit_reached": false,
collect	UNKNOWN STEP	2026-09-22T18:51:33.1438848Z       "runs": 375,
collect	UNKNOWN STEP	2026-09-22T18:51:33.1439078Z       "source": "dou",
collect	UNKNOWN STEP	2026-09-22T18:51:33.1439326Z       "total_requests": 15669
collect	UNKNOWN STEP	2026-09-22T18:51:33.1439574Z     },
collect	UNKNOWN STEP	2026-09-22T18:51:33.1439770Z     {
collect	UNKNOWN STEP	2026-09-22T18:51:33.1439978Z       "last_created": 0,
collect	UNKNOWN STEP	2026-09-22T18:51:33.1440226Z       "last_errors": 0,
collect	UNKNOWN STEP	2026-09-22T18:51:33.1440471Z       "last_fetched": 35,
collect	UNKNOWN STEP	2026-09-22T18:51:33.1440728Z       "last_rejected": 35,
collect	UNKNOWN STEP	2026-09-22T18:51:33.1440984Z       "last_requests": 1,
collect	UNKNOWN STEP	2026-09-22T18:51:33.1441239Z       "last_run_at": "2026-09-22T07:21:41Z",
collect	UNKNOWN STEP	2026-09-22T18:51:33.1441543Z       "last_status": "completed",
collect	UNKNOWN STEP	2026-09-22T18:51:33.1441820Z       "last_updated": 0,
collect	UNKNOWN STEP	2026-09-22T18:51:33.1442070Z       "limit_reached": false,
collect	UNKNOWN STEP	2026-09-22T18:51:33.1442323Z       "runs": 455,
collect	UNKNOWN STEP	2026-09-22T18:51:33.1442557Z       "source": "greenhouse",
collect	UNKNOWN STEP	2026-09-22T18:51:33.1442944Z       "total_requests": 455
collect	UNKNOWN STEP	2026-09-22T18:51:33.1443192Z     },
collect	UNKNOWN STEP	2026-09-22T18:51:33.1443387Z     {
collect	UNKNOWN STEP	2026-09-22T18:51:33.1443592Z       "last_created": 0,
collect	UNKNOWN STEP	2026-09-22T18:51:33.1443952Z       "last_errors": 0,
collect	UNKNOWN STEP	2026-09-22T18:51:33.1444198Z       "last_fetched": 30,
collect	UNKNOWN STEP	2026-09-22T18:51:33.1444444Z       "last_rejected": 28,
collect	UNKNOWN STEP	2026-09-22T18:51:33.1444697Z       "last_requests": 4,
collect	UNKNOWN STEP	2026-09-22T18:51:33.1444956Z       "last_run_at": "2026-09-22T07:30:05Z",
collect	UNKNOWN STEP	2026-09-22T18:51:33.1445255Z       "last_status": "completed",
collect	UNKNOWN STEP	2026-09-22T18:51:33.1445529Z       "last_updated": 0,
collect	UNKNOWN STEP	2026-09-22T18:51:33.1445771Z       "limit_reached": false,
collect	UNKNOWN STEP	2026-09-22T18:51:33.1446025Z       "runs": 464,
collect	UNKNOWN STEP	2026-09-22T18:51:33.1446258Z       "source": "himalayas",
collect	UNKNOWN STEP	2026-09-22T18:51:33.1446525Z       "total_requests": 2476
collect	UNKNOWN STEP	2026-09-22T18:51:33.1446772Z     },
collect	UNKNOWN STEP	2026-09-22T18:51:33.1446999Z     {
collect	UNKNOWN STEP	2026-09-22T18:51:33.1447203Z       "last_created": 0,
collect	UNKNOWN STEP	2026-09-22T18:51:33.1447453Z       "last_errors": 0,
collect	UNKNOWN STEP	2026-09-22T18:51:33.1447701Z       "last_fetched": 64,
collect	UNKNOWN STEP	2026-09-22T18:51:33.1447961Z       "last_rejected": 61,
collect	UNKNOWN STEP	2026-09-22T18:51:33.1448215Z       "last_requests": 4,
collect	UNKNOWN STEP	2026-09-22T18:51:33.1448481Z       "last_run_at": "2026-09-22T07:48:22Z",
collect	UNKNOWN STEP	2026-09-22T18:51:33.1448783Z       "last_status": "completed",
collect	UNKNOWN STEP	2026-09-22T18:51:33.1449064Z       "last_updated": 0,
collect	UNKNOWN STEP	2026-09-22T18:51:33.1449321Z       "limit_reached": false,
collect	UNKNOWN STEP	2026-09-22T18:51:33.1449712Z       "runs": 465,
collect	UNKNOWN STEP	2026-09-22T18:51:33.1449952Z       "source": "jobicy",
collect	UNKNOWN STEP	2026-09-22T18:51:33.1450198Z       "total_requests": 2340
collect	UNKNOWN STEP	2026-09-22T18:51:33.1450447Z     },
collect	UNKNOWN STEP	2026-09-22T18:51:33.1450646Z     {
collect	UNKNOWN STEP	2026-09-22T18:51:33.1450869Z       "last_created": 0,
collect	UNKNOWN STEP	2026-09-22T18:51:33.1451377Z       "last_errors": 0,
collect	UNKNOWN STEP	2026-09-22T18:51:33.1451786Z       "last_fetched": 0,
collect	UNKNOWN STEP	2026-09-22T18:51:33.1452114Z       "last_rejected": 0,
collect	UNKNOWN STEP	2026-09-22T18:51:33.1452607Z       "last_requests": 1,
collect	UNKNOWN STEP	2026-09-22T18:51:33.1452988Z       "last_run_at": "2026-09-22T07:48:36Z",
collect	UNKNOWN STEP	2026-09-22T18:51:33.1453486Z       "last_status": "completed",
collect	UNKNOWN STEP	2026-09-22T18:51:33.1454138Z       "last_updated": 0,
collect	UNKNOWN STEP	2026-09-22T18:51:33.1454697Z       "limit_reached": false,
collect	UNKNOWN STEP	2026-09-22T18:51:33.1455074Z       "runs": 244,
collect	UNKNOWN STEP	2026-09-22T18:51:33.1455461Z       "source": "jobspresso",
collect	UNKNOWN STEP	2026-09-22T18:51:33.1455887Z       "total_requests": 244
collect	UNKNOWN STEP	2026-09-22T18:51:33.1456305Z     },
collect	UNKNOWN STEP	2026-09-22T18:51:33.1456628Z     {
collect	UNKNOWN STEP	2026-09-22T18:51:33.1457017Z       "last_created": 0,
collect	UNKNOWN STEP	2026-09-22T18:51:33.1457428Z       "last_errors": 0,
collect	UNKNOWN STEP	2026-09-22T18:51:33.1457810Z       "last_fetched": 15,
collect	UNKNOWN STEP	2026-09-22T18:51:33.1458192Z       "last_rejected": 15,
collect	UNKNOWN STEP	2026-09-22T18:51:33.1458612Z       "last_requests": 3,
collect	UNKNOWN STEP	2026-09-22T18:51:33.1459033Z       "last_run_at": "2026-09-22T07:53:30Z",
collect	UNKNOWN STEP	2026-09-22T18:51:33.1459509Z       "last_status": "completed",
collect	UNKNOWN STEP	2026-09-22T18:51:33.1459914Z       "last_updated": 0,
collect	UNKNOWN STEP	2026-09-22T18:51:33.1460284Z       "limit_reached": false,
collect	UNKNOWN STEP	2026-09-22T18:51:33.1460688Z       "runs": 464,
collect	UNKNOWN STEP	2026-09-22T18:51:33.1461101Z       "source": "jooble",
collect	UNKNOWN STEP	2026-09-22T18:51:33.1461499Z       "total_requests": 1977
collect	UNKNOWN STEP	2026-09-22T18:51:33.1461903Z     },
collect	UNKNOWN STEP	2026-09-22T18:51:33.1462274Z     {
collect	UNKNOWN STEP	2026-09-22T18:51:33.1462559Z       "last_created": 0,
collect	UNKNOWN STEP	2026-09-22T18:51:33.1462987Z       "last_errors": 0,
collect	UNKNOWN STEP	2026-09-22T18:51:33.1463342Z       "last_fetched": 0,
collect	UNKNOWN STEP	2026-09-22T18:51:33.1463994Z       "last_rejected": 0,
collect	UNKNOWN STEP	2026-09-22T18:51:33.1464474Z       "last_requests": 1,
collect	UNKNOWN STEP	2026-09-22T18:51:33.1464953Z       "last_run_at": "2026-09-22T07:53:43Z",
collect	UNKNOWN STEP	2026-09-22T18:51:33.1465355Z       "last_status": "completed",
collect	UNKNOWN STEP	2026-09-22T18:51:33.1465807Z       "last_updated": 0,
collect	UNKNOWN STEP	2026-09-22T18:51:33.1466222Z       "limit_reached": false,
collect	UNKNOWN STEP	2026-09-22T18:51:33.1466645Z       "runs": 243,
collect	UNKNOWN STEP	2026-09-22T18:51:33.1467010Z       "source": "weworkremotely",
collect	UNKNOWN STEP	2026-09-22T18:51:33.1467463Z       "total_requests": 288
collect	UNKNOWN STEP	2026-09-22T18:51:33.1467888Z     }
collect	UNKNOWN STEP	2026-09-22T18:51:33.1468239Z   ]
collect	UNKNOWN STEP	2026-09-22T18:51:33.1468571Z }
collect	UNKNOWN STEP	2026-09-22T18:51:33.4636424Z ##[group]Run bash .github/scripts/run-and-report.sh "Top vacancies" hard python run.py top 20
collect	UNKNOWN STEP	2026-09-22T18:51:33.4637150Z ^[[36;1mbash .github/scripts/run-and-report.sh "Top vacancies" hard python run.py top 20^[[0m
collect	UNKNOWN STEP	2026-09-22T18:51:33.4672902Z shell: /usr/bin/bash --noprofile --norc -e -o pipefail {0}
collect	UNKNOWN STEP	2026-09-22T18:51:33.4673276Z env:
collect	UNKNOWN STEP	2026-09-22T18:51:33.4674106Z   MONGODB_URI: ***
collect	UNKNOWN STEP	2026-09-22T18:51:33.4674398Z   JOBINTEL_DATABASE_NAME: job_intelligence
collect	UNKNOWN STEP	2026-09-22T18:51:33.4674734Z   ADZUNA_APP_ID: ***
collect	UNKNOWN STEP	2026-09-22T18:51:33.4675038Z   ADZUNA_APP_KEY: ***
collect	UNKNOWN STEP	2026-09-22T18:51:33.4675435Z   CLEANJOBDATA_API_KEY: ***
collect	UNKNOWN STEP	2026-09-22T18:51:33.4675765Z   JOOBLE_API_KEY: ***
collect	UNKNOWN STEP	2026-09-22T18:51:33.4676122Z   TELEGRAM_BOT_TOKEN: ***
collect	UNKNOWN STEP	2026-09-22T18:51:33.4676400Z   TELEGRAM_CHAT_ID: ***
collect	UNKNOWN STEP	2026-09-22T18:51:33.4676667Z   JOBINTEL_COLLECTION_LIMIT: 100
collect	UNKNOWN STEP	2026-09-22T18:51:33.4677012Z   pythonLocation: /opt/hostedtoolcache/Python/3.11.16/x64
collect	UNKNOWN STEP	2026-09-22T18:51:33.4677514Z   PKG_CONFIG_PATH: /opt/hostedtoolcache/Python/3.11.16/x64/lib/pkgconfig
collect	UNKNOWN STEP	2026-09-22T18:51:33.4677987Z   Python_ROOT_DIR: /opt/hostedtoolcache/Python/3.11.16/x64
collect	UNKNOWN STEP	2026-09-22T18:51:33.4678408Z   Python2_ROOT_DIR: /opt/hostedtoolcache/Python/3.11.16/x64
collect	UNKNOWN STEP	2026-09-22T18:51:33.4678850Z   Python3_ROOT_DIR: /opt/hostedtoolcache/Python/3.11.16/x64
collect	UNKNOWN STEP	2026-09-22T18:51:33.4679277Z   LD_LIBRARY_PATH: /opt/hostedtoolcache/Python/3.11.16/x64/lib
collect	UNKNOWN STEP	2026-09-22T18:51:33.4679651Z ##[endgroup]
collect	UNKNOWN STEP	2026-09-22T18:51:59.6150646Z Top vacancies: 20
collect	UNKNOWN STEP	2026-09-22T18:51:59.6151892Z 1. 92/100 FAVBET — Senior PHP Developer (strong match, 2026-08-13_180551_favbet_senior-php-developer)
collect	UNKNOWN STEP	2026-09-22T18:51:59.6153177Z    https://jobs.dou.ua/companies/favbet/vacancies/369737/
collect	UNKNOWN STEP	2026-09-22T18:51:59.6154670Z 2. 91/100 Brainstack — PHP Developer (Billing) (strong match, 2026-08-14_160240_brainstack_php-developer-billing)
collect	UNKNOWN STEP	2026-09-22T18:51:59.6155543Z    https://jobs.dou.ua/companies/brainstack/vacancies/369880/
collect	UNKNOWN STEP	2026-09-22T18:51:59.6156585Z 3. 91/100 Linro — Backend Engineer - Remote Germany (strong match, 2026-08-05_065339_linro_backend-engineer-remote-germany)
collect	UNKNOWN STEP	2026-09-22T18:51:59.6157617Z    https://www.arbeitnow.com/jobs/companies/linro/backend-engineer-remote-germany-235719
collect	UNKNOWN STEP	2026-09-22T18:51:59.6159040Z 4. 91/100 Blackbird Lab — Senior Backend (PHP/Golang) Software Engineer (strong match, 2026-08-02_003315_blackbird-lab_senior-backend-php-golang-software-engineer)
collect	UNKNOWN STEP	2026-09-22T18:51:59.6160152Z    https://jobs.dou.ua/companies/blackbird-lab/vacancies/367463/
collect	UNKNOWN STEP	2026-09-22T18:51:59.6161176Z 5. 90/100 Boosta — Senior/Lead PHP Developer | Edlight (strong match, 2026-08-18_180722_boosta_senior-lead-php-developer-edlight)
collect	UNKNOWN STEP	2026-09-22T18:51:59.6161858Z    https://jobs.dou.ua/companies/boosta/vacancies/364684/
collect	UNKNOWN STEP	2026-09-22T18:51:59.6162531Z 6. 89/100 WhiteTech — PHP Developer with DDD (strong match, 2026-08-10_194528_whitetech_php-developer-with-ddd)
collect	UNKNOWN STEP	2026-09-22T18:51:59.6163161Z    https://job-boards.eu.greenhouse.io/whitetech/jobs/4862144101
collect	UNKNOWN STEP	2026-09-22T18:51:59.6164188Z 7. 89/100 Valant — Full Stack PHP Laravel Developer/ DevOps Skills (strong match, 2026-08-04_170437_valant_full-stack-php-laravel-developer-devops-skills)
collect	UNKNOWN STEP	2026-09-22T18:51:59.6164974Z    https://jobs.dou.ua/companies/valant/vacancies/360382/
collect	UNKNOWN STEP	2026-09-22T18:51:59.6165659Z 8. 88/100 ShippyPro — Senior Software Engineer (strong match, 2026-09-18_061122_shippypro_senior-software-engineer)
collect	UNKNOWN STEP	2026-09-22T18:51:59.6166370Z    https://shippypro.factorialhr.com/job_posting/senior-software-engineer-309743
collect	UNKNOWN STEP	2026-09-22T18:51:59.6167069Z 9. 88/100 COMFY — Senior Go Developer (strong match, 2026-09-17_121033_comfy_senior-go-developer)
collect	UNKNOWN STEP	2026-09-22T18:51:59.6167603Z    https://jobs.dou.ua/companies/comfy/vacancies/373659/
collect	UNKNOWN STEP	2026-09-22T18:51:59.6168252Z 10. 86/100 Антенор — Golang Backend Developer (strong match, 2026-09-18_220220_антенор_golang-backend-developer)
collect	UNKNOWN STEP	2026-09-22T18:51:59.6168831Z    https://jobs.dou.ua/companies/antenor/vacancies/373917/
collect	UNKNOWN STEP	2026-09-22T18:51:59.6170126Z 11. 86/100 Nord Security — Backend Engineer | Mid - Senior | PHP + Go | Payments Team (strong match, 2026-09-16_170430_nord-security_backend-engineer-mid-senior-php-go-payments-team)
collect	UNKNOWN STEP	2026-09-22T18:51:59.6171070Z    https://nordsecurity.com/careers/633dc3cf-40c5-4c24-ab60-8cdf42c8c22f
collect	UNKNOWN STEP	2026-09-22T18:51:59.6172140Z 12. 86/100 iPay — Senior PHP Developer (Backend-focused, React.js) (strong match, 2026-08-17_120646_ipay_senior-php-developer-backend-focused-react-js)
collect	UNKNOWN STEP	2026-09-22T18:51:59.6172886Z    https://jobs.dou.ua/companies/ipay/vacancies/351948/
collect	UNKNOWN STEP	2026-09-22T18:51:59.6173632Z 13. 86/100 Gameinspire — Middle/Senior Golang Developer (strong match, 2026-08-07_112249_gameinspire_middle-senior-golang-developer)
collect	UNKNOWN STEP	2026-09-22T18:51:59.6174461Z    https://jobs.dou.ua/companies/gameinspire/vacancies/311681/
collect	UNKNOWN STEP	2026-09-22T18:51:59.6175347Z 14. 86/100 SFox — Backend Developer (PHP) for a Global iGaming Company (strong match, 2026-08-04_093824_sfox_backend-developer-php-for-a-global-igaming-compa)
collect	UNKNOWN STEP	2026-09-22T18:51:59.6176097Z    https://jobs.dou.ua/companies/sfox/vacancies/326665/
collect	UNKNOWN STEP	2026-09-22T18:51:59.6176824Z 15. 86/100 Cubbit S.r.l. — Senior Backend Developer GO (strong match, 2026-08-01_155750_cubbit-s-r-l_senior-backend-developer-go)
collect	UNKNOWN STEP	2026-09-22T18:51:59.6177517Z    https://www.cubbit.io/careers/senior-backend-developer-go
collect	UNKNOWN STEP	2026-09-22T18:51:59.6178223Z 16. 84/100 Readeat — Middle Backend Developer (strong match, 2026-09-21_121017_readeat_middle-backend-developer)
collect	UNKNOWN STEP	2026-09-22T18:51:59.6178818Z    https://jobs.dou.ua/companies/readeat/vacancies/366780/
collect	UNKNOWN STEP	2026-09-22T18:51:59.6179479Z 17. 84/100 Qubit Labs — Lead PHP Developer (EU) (strong match, 2026-09-16_121113_qubit-labs_lead-php-developer-eu)
collect	UNKNOWN STEP	2026-09-22T18:51:59.6180071Z    https://jobs.dou.ua/companies/qubit-labs/vacancies/373507/
collect	UNKNOWN STEP	2026-09-22T18:51:59.6180715Z 18. 84/100 EVOPLAY — Senior PHP developer (strong match, 2026-09-15_134250_evoplay_senior-php-developer)
collect	UNKNOWN STEP	2026-09-22T18:51:59.6181274Z    https://jobs.dou.ua/companies/evoplay/vacancies/300514/
collect	UNKNOWN STEP	2026-09-22T18:51:59.6182020Z 19. 84/100 Jagaad S.r.l. — Senior PHP Backend Developer (strong match, 2026-08-01_155803_jagaad-s-r-l_senior-php-backend-developer)
collect	UNKNOWN STEP	2026-09-22T18:51:59.6182624Z    https://jagaad.com/careers
collect	UNKNOWN STEP	2026-09-22T18:51:59.6185625Z 20. 82/100 Propelahed LTD — Laravel-розробник (part-time) (strong match, 2026-09-21_133342_propelahed-ltd_laravel-розробник-part-time)
collect	UNKNOWN STEP	2026-09-22T18:51:59.6186433Z    https://jobs.dou.ua/companies/propelahed-ltd/vacancies/374023/
collect	UNKNOWN STEP	2026-09-22T18:52:00.0486015Z ##[group]Run set -euo pipefail
collect	UNKNOWN STEP	2026-09-22T18:52:00.0486401Z ^[[36;1mset -euo pipefail^[[0m
collect	UNKNOWN STEP	2026-09-22T18:52:00.0486680Z ^[[36;1mhard_failure=0^[[0m
collect	UNKNOWN STEP	2026-09-22T18:52:00.0486932Z ^[[36;1m^[[0m
collect	UNKNOWN STEP	2026-09-22T18:52:00.0487150Z ^[[36;1mcheck_step() {^[[0m
collect	UNKNOWN STEP	2026-09-22T18:52:00.0487412Z ^[[36;1m  local label="$1"^[[0m
collect	UNKNOWN STEP	2026-09-22T18:52:00.0487685Z ^[[36;1m  local outcome="$2"^[[0m
collect	UNKNOWN STEP	2026-09-22T18:52:00.0487987Z ^[[36;1m  if [ "$outcome" != "success" ]; then^[[0m
collect	UNKNOWN STEP	2026-09-22T18:52:00.0488346Z ^[[36;1m    hard_failure=1^[[0m
collect	UNKNOWN STEP	2026-09-22T18:52:00.0488809Z ^[[36;1m    echo "::error title=${label} failed::Deterministic workflow step outcome was ${outcome}."^[[0m
collect	UNKNOWN STEP	2026-09-22T18:52:00.0489374Z ^[[36;1m    echo "- ${label}: ${outcome}" >> "$GITHUB_STEP_SUMMARY"^[[0m
collect	UNKNOWN STEP	2026-09-22T18:52:00.0489728Z ^[[36;1m  fi^[[0m
collect	UNKNOWN STEP	2026-09-22T18:52:00.0489949Z ^[[36;1m}^[[0m
collect	UNKNOWN STEP	2026-09-22T18:52:00.0490182Z ^[[36;1m^[[0m
collect	UNKNOWN STEP	2026-09-22T18:52:00.0490464Z ^[[36;1mcheck_step "Write deterministic triage" "success"^[[0m
collect	UNKNOWN STEP	2026-09-22T18:52:00.0490912Z ^[[36;1mcheck_step "Archive low-score vacancies" "success"^[[0m
collect	UNKNOWN STEP	2026-09-22T18:52:00.0491348Z ^[[36;1mcheck_step "Archive skipped vacancies" "success"^[[0m
collect	UNKNOWN STEP	2026-09-22T18:52:00.0491755Z ^[[36;1mcheck_step "Archive stale vacancies" "success"^[[0m
collect	UNKNOWN STEP	2026-09-22T18:52:00.0492156Z ^[[36;1mcheck_step "Archive rejected vacancies" "success"^[[0m
collect	UNKNOWN STEP	2026-09-22T18:52:00.0492560Z ^[[36;1mcheck_step "Regenerate registry index" "success"^[[0m
collect	UNKNOWN STEP	2026-09-22T18:52:00.0492962Z ^[[36;1mcheck_step "Regenerate vacancy catalog" "success"^[[0m
collect	UNKNOWN STEP	2026-09-22T18:52:00.0504396Z ^[[36;1mcheck_step "Run unit tests" "success"^[[0m
collect	UNKNOWN STEP	2026-09-22T18:52:00.0504817Z ^[[36;1mcheck_step "Run repository doctor" "success"^[[0m
collect	UNKNOWN STEP	2026-09-22T18:52:00.0505216Z ^[[36;1mcheck_step "Workflow summary" "success"^[[0m
collect	UNKNOWN STEP	2026-09-22T18:52:00.0505586Z ^[[36;1mcheck_step "Workflow limits" "success"^[[0m
collect	UNKNOWN STEP	2026-09-22T18:52:00.0505937Z ^[[36;1mcheck_step "Analyze queue" "success"^[[0m
collect	UNKNOWN STEP	2026-09-22T18:52:00.0506518Z ^[[36;1mcheck_step "Preparation queue" "success"^[[0m
collect	UNKNOWN STEP	2026-09-22T18:52:00.0506897Z ^[[36;1mcheck_step "Source API usage" "success"^[[0m
collect	UNKNOWN STEP	2026-09-22T18:52:00.0507251Z ^[[36;1mcheck_step "Top vacancies" "success"^[[0m
collect	UNKNOWN STEP	2026-09-22T18:52:00.0507568Z ^[[36;1m^[[0m
collect	UNKNOWN STEP	2026-09-22T18:52:00.0507863Z ^[[36;1mecho "failure=${hard_failure}" >> "$GITHUB_OUTPUT"^[[0m
collect	UNKNOWN STEP	2026-09-22T18:52:00.0508259Z ^[[36;1mif [ "$hard_failure" -ne 0 ]; then^[[0m
collect	UNKNOWN STEP	2026-09-22T18:52:00.0508804Z ^[[36;1m  echo "Deterministic checks failed; refusing to commit generated changes." >> "$GITHUB_STEP_SUMMARY"^[[0m
collect	UNKNOWN STEP	2026-09-22T18:52:00.0509335Z ^[[36;1m  exit 1^[[0m
collect	UNKNOWN STEP	2026-09-22T18:52:00.0509570Z ^[[36;1mfi^[[0m
collect	UNKNOWN STEP	2026-09-22T18:52:00.0545106Z shell: /usr/bin/bash --noprofile --norc -e -o pipefail {0}
collect	UNKNOWN STEP	2026-09-22T18:52:00.0545483Z env:
collect	UNKNOWN STEP	2026-09-22T18:52:00.0546171Z   MONGODB_URI: ***
collect	UNKNOWN STEP	2026-09-22T18:52:00.0546453Z   JOBINTEL_DATABASE_NAME: job_intelligence
collect	UNKNOWN STEP	2026-09-22T18:52:00.0546788Z   ADZUNA_APP_ID: ***
collect	UNKNOWN STEP	2026-09-22T18:52:00.0547099Z   ADZUNA_APP_KEY: ***
collect	UNKNOWN STEP	2026-09-22T18:52:00.0547485Z   CLEANJOBDATA_API_KEY: ***
collect	UNKNOWN STEP	2026-09-22T18:52:00.0547819Z   JOOBLE_API_KEY: ***
collect	UNKNOWN STEP	2026-09-22T18:52:00.0548184Z   TELEGRAM_BOT_TOKEN: ***
collect	UNKNOWN STEP	2026-09-22T18:52:00.0548461Z   TELEGRAM_CHAT_ID: ***
collect	UNKNOWN STEP	2026-09-22T18:52:00.0548734Z   JOBINTEL_COLLECTION_LIMIT: 100
collect	UNKNOWN STEP	2026-09-22T18:52:00.0549082Z   pythonLocation: /opt/hostedtoolcache/Python/3.11.16/x64
collect	UNKNOWN STEP	2026-09-22T18:52:00.0549569Z   PKG_CONFIG_PATH: /opt/hostedtoolcache/Python/3.11.16/x64/lib/pkgconfig
collect	UNKNOWN STEP	2026-09-22T18:52:00.0550044Z   Python_ROOT_DIR: /opt/hostedtoolcache/Python/3.11.16/x64
collect	UNKNOWN STEP	2026-09-22T18:52:00.0550471Z   Python2_ROOT_DIR: /opt/hostedtoolcache/Python/3.11.16/x64
collect	UNKNOWN STEP	2026-09-22T18:52:00.0550898Z   Python3_ROOT_DIR: /opt/hostedtoolcache/Python/3.11.16/x64
collect	UNKNOWN STEP	2026-09-22T18:52:00.0551334Z   LD_LIBRARY_PATH: /opt/hostedtoolcache/Python/3.11.16/x64/lib
collect	UNKNOWN STEP	2026-09-22T18:52:00.0551701Z ##[endgroup]
collect	UNKNOWN STEP	2026-09-22T18:52:00.0647262Z ##[group]Run set -euo pipefail
collect	UNKNOWN STEP	2026-09-22T18:52:00.0647801Z ^[[36;1mset -euo pipefail^[[0m
collect	UNKNOWN STEP	2026-09-22T18:52:00.0648094Z ^[[36;1mif [ "0" = "1" ]; then^[[0m
collect	UNKNOWN STEP	2026-09-22T18:52:00.0648614Z ^[[36;1m  echo "Deterministic checks failed; refusing to commit generated changes." >> "$GITHUB_STEP_SUMMARY"^[[0m
collect	UNKNOWN STEP	2026-09-22T18:52:00.0649170Z ^[[36;1m  exit 1^[[0m
collect	UNKNOWN STEP	2026-09-22T18:52:00.0649419Z ^[[36;1mfi^[[0m
collect	UNKNOWN STEP	2026-09-22T18:52:00.0649644Z ^[[36;1m^[[0m
collect	UNKNOWN STEP	2026-09-22T18:52:00.0649872Z ^[[36;1mgit status --short^[[0m
collect	UNKNOWN STEP	2026-09-22T18:52:00.0650200Z ^[[36;1mif [ -z "$(git status --porcelain)" ]; then^[[0m
collect	UNKNOWN STEP	2026-09-22T18:52:00.0650591Z ^[[36;1m  echo "changed=false" >> "$GITHUB_OUTPUT"^[[0m
collect	UNKNOWN STEP	2026-09-22T18:52:00.0651049Z ^[[36;1m  echo "No repository changes to commit." >> "$GITHUB_STEP_SUMMARY"^[[0m
collect	UNKNOWN STEP	2026-09-22T18:52:00.0651457Z ^[[36;1m  exit 0^[[0m
collect	UNKNOWN STEP	2026-09-22T18:52:00.0651689Z ^[[36;1mfi^[[0m
collect	UNKNOWN STEP	2026-09-22T18:52:00.0651907Z ^[[36;1m^[[0m
collect	UNKNOWN STEP	2026-09-22T18:52:00.0652168Z ^[[36;1mgit config user.name "Valentin Nikolaev"^[[0m
collect	UNKNOWN STEP	2026-09-22T18:52:00.0652658Z ^[[36;1mgit config user.email "435393+ValentinNikolaev@users.noreply.github.com"^[[0m
collect	UNKNOWN STEP	2026-09-22T18:52:00.0653103Z ^[[36;1mgit add -A^[[0m
collect	UNKNOWN STEP	2026-09-22T18:52:00.0653368Z ^[[36;1mgit diff --cached --stat^[[0m
collect	UNKNOWN STEP	2026-09-22T18:52:00.0653643Z ^[[36;1m^[[0m
collect	UNKNOWN STEP	2026-09-22T18:52:00.0654293Z ^[[36;1mchanged_files="$(git diff --cached --name-only | wc -l | tr -d ' ')"^[[0m
collect	UNKNOWN STEP	2026-09-22T18:52:00.0654938Z ^[[36;1madded_files="$(git diff --cached --name-status | awk '$1 == "A" { count++ } END { print count + 0 }')"^[[0m
collect	UNKNOWN STEP	2026-09-22T18:52:00.0655667Z ^[[36;1mmodified_files="$(git diff --cached --name-status | awk '$1 == "M" { count++ } END { print count + 0 }')"^[[0m
collect	UNKNOWN STEP	2026-09-22T18:52:00.0656389Z ^[[36;1mdeleted_files="$(git diff --cached --name-status | awk '$1 == "D" { count++ } END { print count + 0 }')"^[[0m
collect	UNKNOWN STEP	2026-09-22T18:52:00.0657248Z ^[[36;1mnew_active_vacancies="$(git diff --cached --name-status -- registry/jobs | awk '$1 == "A" && $2 ~ /\/meta\.yaml$/ { count++ } END { print count + 0 }')"^[[0m
collect	UNKNOWN STEP	2026-09-22T18:52:00.0658266Z ^[[36;1mnew_rejected_vacancies="$(git diff --cached --name-status -- registry/rejected | awk '$1 == "A" && $2 ~ /\/meta\.yaml$/ { count++ } END { print count + 0 }')"^[[0m
collect	UNKNOWN STEP	2026-09-22T18:52:00.0659241Z ^[[36;1mcommit_subject="$(python -m jobintel.commit_messages collection \^[[0m
collect	UNKNOWN STEP	2026-09-22T18:52:00.0659703Z ^[[36;1m  --run-number "${GITHUB_RUN_NUMBER}" \^[[0m
collect	UNKNOWN STEP	2026-09-22T18:52:00.0660073Z ^[[36;1m  --active "${new_active_vacancies}" \^[[0m
collect	UNKNOWN STEP	2026-09-22T18:52:00.0660434Z ^[[36;1m  --rejected "${new_rejected_vacancies}")"^[[0m
collect	UNKNOWN STEP	2026-09-22T18:52:00.0660917Z ^[[36;1mrun_url="${GITHUB_SERVER_URL}/${GITHUB_REPOSITORY}/actions/runs/${GITHUB_RUN_ID}"^[[0m
collect	UNKNOWN STEP	2026-09-22T18:52:00.0661367Z ^[[36;1m^[[0m
collect	UNKNOWN STEP	2026-09-22T18:52:00.0661588Z ^[[36;1mgit commit \^[[0m
collect	UNKNOWN STEP	2026-09-22T18:52:00.0661853Z ^[[36;1m  -m "${commit_subject}" \^[[0m
collect	UNKNOWN STEP	2026-09-22T18:52:00.0662702Z ^[[36;1m  -m "Collection found ${new_active_vacancies} active vacancies and filtered ${new_rejected_vacancies} rejected vacancies during ${GITHUB_WORKFLOW} #${GITHUB_RUN_NUMBER} via ${GITHUB_EVENT_NAME}." \^[[0m
collect	UNKNOWN STEP	2026-09-22T18:52:00.0664064Z ^[[36;1m  -m "Changed files: ${changed_files} total, ${added_files} added, ${modified_files} modified, ${deleted_files} deleted." \^[[0m
collect	UNKNOWN STEP	2026-09-22T18:52:00.0664669Z ^[[36;1m  -m "Run: ${run_url}"^[[0m
collect	UNKNOWN STEP	2026-09-22T18:52:00.0664939Z ^[[36;1m^[[0m
collect	UNKNOWN STEP	2026-09-22T18:52:00.0665178Z ^[[36;1mbranch="${GITHUB_REF_NAME:-main}"^[[0m
collect	UNKNOWN STEP	2026-09-22T18:52:00.0665522Z ^[[36;1mlocal_commit="$(git rev-parse HEAD)"^[[0m
collect	UNKNOWN STEP	2026-09-22T18:52:00.0665870Z ^[[36;1mlocal_base="$(git rev-parse HEAD^)"^[[0m
collect	UNKNOWN STEP	2026-09-22T18:52:00.0666222Z ^[[36;1mif git push origin "HEAD:${branch}"; then^[[0m
collect	UNKNOWN STEP	2026-09-22T18:52:00.0666589Z ^[[36;1m  echo "changed=true" >> "$GITHUB_OUTPUT"^[[0m
collect	UNKNOWN STEP	2026-09-22T18:52:00.0667108Z ^[[36;1m  echo "Committed and pushed deterministic collection changes." >> "$GITHUB_STEP_SUMMARY"^[[0m
collect	UNKNOWN STEP	2026-09-22T18:52:00.0667596Z ^[[36;1m  exit 0^[[0m
collect	UNKNOWN STEP	2026-09-22T18:52:00.0667828Z ^[[36;1mfi^[[0m
collect	UNKNOWN STEP	2026-09-22T18:52:00.0668046Z ^[[36;1m^[[0m
collect	UNKNOWN STEP	2026-09-22T18:52:00.0668272Z ^[[36;1mgit fetch origin "${branch}"^[[0m
collect	UNKNOWN STEP	2026-09-22T18:52:00.0668815Z ^[[36;1mremote_head="$(git rev-parse "origin/${branch}")"^[[0m
collect	UNKNOWN STEP	2026-09-22T18:52:00.0669229Z ^[[36;1mif [ "${remote_head}" = "${local_commit}" ]; then^[[0m
collect	UNKNOWN STEP	2026-09-22T18:52:00.0669607Z ^[[36;1m  echo "changed=true" >> "$GITHUB_OUTPUT"^[[0m
collect	UNKNOWN STEP	2026-09-22T18:52:00.0670142Z ^[[36;1m  echo "The collection commit was already present on origin/${branch}." >> "$GITHUB_STEP_SUMMARY"^[[0m
collect	UNKNOWN STEP	2026-09-22T18:52:00.0670644Z ^[[36;1m  exit 0^[[0m
collect	UNKNOWN STEP	2026-09-22T18:52:00.0670876Z ^[[36;1mfi^[[0m
collect	UNKNOWN STEP	2026-09-22T18:52:00.0671142Z ^[[36;1mif [ "${remote_head}" = "${local_base}" ]; then^[[0m
collect	UNKNOWN STEP	2026-09-22T18:52:00.0671730Z ^[[36;1m  echo "Push failed even though origin/${branch} did not advance; refusing to retry." >> "$GITHUB_STEP_SUMMARY"^[[0m
collect	UNKNOWN STEP	2026-09-22T18:52:00.0672274Z ^[[36;1m  exit 1^[[0m
collect	UNKNOWN STEP	2026-09-22T18:52:00.0672503Z ^[[36;1mfi^[[0m
collect	UNKNOWN STEP	2026-09-22T18:52:00.0672758Z ^[[36;1mif [ "${PUSH_RETRY_COUNT}" -ge 1 ]; then^[[0m
collect	UNKNOWN STEP	2026-09-22T18:52:00.0673372Z ^[[36;1m  echo "origin/${branch} advanced again during the clean retry; refusing to queue another run." >> "$GITHUB_STEP_SUMMARY"^[[0m
collect	UNKNOWN STEP	2026-09-22T18:52:00.0674186Z ^[[36;1m  exit 1^[[0m
collect	UNKNOWN STEP	2026-09-22T18:52:00.0674417Z ^[[36;1mfi^[[0m
collect	UNKNOWN STEP	2026-09-22T18:52:00.0674638Z ^[[36;1m^[[0m
collect	UNKNOWN STEP	2026-09-22T18:52:00.0674939Z ^[[36;1mgh workflow run job-intelligence-collection.yml \^[[0m
collect	UNKNOWN STEP	2026-09-22T18:52:00.0675333Z ^[[36;1m  --repo "${GITHUB_REPOSITORY}" \^[[0m
collect	UNKNOWN STEP	2026-09-22T18:52:00.0675657Z ^[[36;1m  --ref "${branch}" \^[[0m
collect	UNKNOWN STEP	2026-09-22T18:52:00.0675943Z ^[[36;1m  -f push_retry_count=1^[[0m
collect	UNKNOWN STEP	2026-09-22T18:52:00.0676214Z ^[[36;1m^[[0m
collect	UNKNOWN STEP	2026-09-22T18:52:00.0676466Z ^[[36;1mecho "changed=false" >> "$GITHUB_OUTPUT"^[[0m
collect	UNKNOWN STEP	2026-09-22T18:52:00.0676838Z ^[[36;1mecho "retry_queued=true" >> "$GITHUB_OUTPUT"^[[0m
collect	UNKNOWN STEP	2026-09-22T18:52:00.0677572Z ^[[36;1mecho "origin/${branch} advanced from ${local_base} to ${remote_head}; queued one clean collection run from the latest branch head." >> "$GITHUB_STEP_SUMMARY"^[[0m
collect	UNKNOWN STEP	2026-09-22T18:52:00.0712447Z shell: /usr/bin/bash --noprofile --norc -e -o pipefail {0}
collect	UNKNOWN STEP	2026-09-22T18:52:00.0712820Z env:
collect	UNKNOWN STEP	2026-09-22T18:52:00.0713491Z   MONGODB_URI: ***
collect	UNKNOWN STEP	2026-09-22T18:52:00.0713929Z   JOBINTEL_DATABASE_NAME: job_intelligence
collect	UNKNOWN STEP	2026-09-22T18:52:00.0714272Z   ADZUNA_APP_ID: ***
collect	UNKNOWN STEP	2026-09-22T18:52:00.0714729Z   ADZUNA_APP_KEY: ***
collect	UNKNOWN STEP	2026-09-22T18:52:00.0715109Z   CLEANJOBDATA_API_KEY: ***
collect	UNKNOWN STEP	2026-09-22T18:52:00.0715425Z   JOOBLE_API_KEY: ***
collect	UNKNOWN STEP	2026-09-22T18:52:00.0715778Z   TELEGRAM_BOT_TOKEN: ***
collect	UNKNOWN STEP	2026-09-22T18:52:00.0716048Z   TELEGRAM_CHAT_ID: ***
collect	UNKNOWN STEP	2026-09-22T18:52:00.0716312Z   JOBINTEL_COLLECTION_LIMIT: 100
collect	UNKNOWN STEP	2026-09-22T18:52:00.0716666Z   pythonLocation: /opt/hostedtoolcache/Python/3.11.16/x64
collect	UNKNOWN STEP	2026-09-22T18:52:00.0717157Z   PKG_CONFIG_PATH: /opt/hostedtoolcache/Python/3.11.16/x64/lib/pkgconfig
collect	UNKNOWN STEP	2026-09-22T18:52:00.0717628Z   Python_ROOT_DIR: /opt/hostedtoolcache/Python/3.11.16/x64
collect	UNKNOWN STEP	2026-09-22T18:52:00.0718048Z   Python2_ROOT_DIR: /opt/hostedtoolcache/Python/3.11.16/x64
collect	UNKNOWN STEP	2026-09-22T18:52:00.0718472Z   Python3_ROOT_DIR: /opt/hostedtoolcache/Python/3.11.16/x64
collect	UNKNOWN STEP	2026-09-22T18:52:00.0718898Z   LD_LIBRARY_PATH: /opt/hostedtoolcache/Python/3.11.16/x64/lib
collect	UNKNOWN STEP	2026-09-22T18:52:00.0721475Z   GH_TOKEN: ***
collect	UNKNOWN STEP	2026-09-22T18:52:00.0721719Z   PUSH_RETRY_COUNT: 0
collect	UNKNOWN STEP	2026-09-22T18:52:00.0721971Z ##[endgroup]
collect	UNKNOWN STEP	2026-09-22T18:52:00.7697344Z ##[group]Run python -m jobintel.atlas_network revoke
collect	UNKNOWN STEP	2026-09-22T18:52:00.7697817Z ^[[36;1mpython -m jobintel.atlas_network revoke^[[0m
collect	UNKNOWN STEP	2026-09-22T18:52:00.7732731Z shell: /usr/bin/bash -e {0}
collect	UNKNOWN STEP	2026-09-22T18:52:00.7733009Z env:
collect	UNKNOWN STEP	2026-09-22T18:52:00.7733688Z   MONGODB_URI: ***
collect	UNKNOWN STEP	2026-09-22T18:52:00.7734337Z   JOBINTEL_DATABASE_NAME: job_intelligence
collect	UNKNOWN STEP	2026-09-22T18:52:00.7734693Z   ADZUNA_APP_ID: ***
collect	UNKNOWN STEP	2026-09-22T18:52:00.7734993Z   ADZUNA_APP_KEY: ***
collect	UNKNOWN STEP	2026-09-22T18:52:00.7735373Z   CLEANJOBDATA_API_KEY: ***
collect	UNKNOWN STEP	2026-09-22T18:52:00.7735697Z   JOOBLE_API_KEY: ***
collect	UNKNOWN STEP	2026-09-22T18:52:00.7736059Z   TELEGRAM_BOT_TOKEN: ***
collect	UNKNOWN STEP	2026-09-22T18:52:00.7736338Z   TELEGRAM_CHAT_ID: ***
collect	UNKNOWN STEP	2026-09-22T18:52:00.7736605Z   JOBINTEL_COLLECTION_LIMIT: 100
collect	UNKNOWN STEP	2026-09-22T18:52:00.7736956Z   pythonLocation: /opt/hostedtoolcache/Python/3.11.16/x64
collect	UNKNOWN STEP	2026-09-22T18:52:00.7737440Z   PKG_CONFIG_PATH: /opt/hostedtoolcache/Python/3.11.16/x64/lib/pkgconfig
collect	UNKNOWN STEP	2026-09-22T18:52:00.7737939Z   Python_ROOT_DIR: /opt/hostedtoolcache/Python/3.11.16/x64
collect	UNKNOWN STEP	2026-09-22T18:52:00.7738372Z   Python2_ROOT_DIR: /opt/hostedtoolcache/Python/3.11.16/x64
collect	UNKNOWN STEP	2026-09-22T18:52:00.7738788Z   Python3_ROOT_DIR: /opt/hostedtoolcache/Python/3.11.16/x64
collect	UNKNOWN STEP	2026-09-22T18:52:00.7739207Z   LD_LIBRARY_PATH: /opt/hostedtoolcache/Python/3.11.16/x64/lib
collect	UNKNOWN STEP	2026-09-22T18:52:00.7739595Z   ATLAS_PROJECT_ID: 6ab1990fae80ab3835f56121
collect	UNKNOWN STEP	2026-09-22T18:52:00.7739961Z   ATLAS_CLIENT_ID: ***
collect	UNKNOWN STEP	2026-09-22T18:52:00.7740341Z   ATLAS_CLIENT_SECRET: ***
collect	UNKNOWN STEP	2026-09-22T18:52:00.7740604Z ##[endgroup]
collect	UNKNOWN STEP	2026-09-22T18:52:02.2244521Z Atlas runner access revoke verified
collect	UNKNOWN STEP	2026-09-22T18:52:02.2462563Z Node 20 is being deprecated. This workflow is running with Node 24 by default. If you need to temporarily use Node 20, you can set the ACTIONS_ALLOW_USE_UNSECURE_NODE_VERSION=true environment variable. For more information see: https://github.blog/changelog/2025-09-19-deprecation-of-node-20-on-github-actions-runners/
collect	UNKNOWN STEP	2026-09-22T18:52:02.2464225Z Post job cleanup.
collect	UNKNOWN STEP	2026-09-22T18:52:02.3708076Z Cache hit occurred on the primary key setup-python-Linux-x64-24.04-Ubuntu-python-3.11.16-pip-1de5163b14263265bb5d5314b7236383b39fc14e600f9a2b7aa77518a9ba49a3, not saving cache.
collect	UNKNOWN STEP	2026-09-22T18:52:02.3710159Z (node:2976) [DEP0040] DeprecationWarning: The `punycode` module is deprecated. Please use a userland alternative instead.
collect	UNKNOWN STEP	2026-09-22T18:52:02.3711893Z (Use `node --trace-deprecation ...` to show where the warning was created)
collect	UNKNOWN STEP	2026-09-22T18:52:02.3931961Z Node 20 is being deprecated. This workflow is running with Node 24 by default. If you need to temporarily use Node 20, you can set the ACTIONS_ALLOW_USE_UNSECURE_NODE_VERSION=true environment variable. For more information see: https://github.blog/changelog/2025-09-19-deprecation-of-node-20-on-github-actions-runners/
collect	UNKNOWN STEP	2026-09-22T18:52:02.3933305Z Post job cleanup.
collect	UNKNOWN STEP	2026-09-22T18:52:02.4855462Z [command]/usr/bin/git version
collect	UNKNOWN STEP	2026-09-22T18:52:02.4901180Z git version 2.55.0
collect	UNKNOWN STEP	2026-09-22T18:52:02.4952116Z Temporarily overriding HOME='/home/runner/work/_temp/ef4170d8-a82a-46d5-8a29-3b11c4e242b7' before making global git config changes
collect	UNKNOWN STEP	2026-09-22T18:52:02.4953363Z Adding repository directory to the temporary git global config as a safe directory
collect	UNKNOWN STEP	2026-09-22T18:52:02.4960481Z [command]/usr/bin/git config --global --add safe.directory /home/runner/work/job-intelligence/job-intelligence
collect	UNKNOWN STEP	2026-09-22T18:52:02.5009433Z [command]/usr/bin/git config --local --name-only --get-regexp core\.sshCommand
collect	UNKNOWN STEP	2026-09-22T18:52:02.5051417Z [command]/usr/bin/git submodule foreach --recursive sh -c "git config --local --name-only --get-regexp 'core\.sshCommand' && git config --local --unset-all 'core.sshCommand' || :"
collect	UNKNOWN STEP	2026-09-22T18:52:02.5316850Z [command]/usr/bin/git config --local --name-only --get-regexp http\.https\:\/\/github\.com\/\.extraheader
collect	UNKNOWN STEP	2026-09-22T18:52:02.5347313Z http.https://github.com/.extraheader
collect	UNKNOWN STEP	2026-09-22T18:52:02.5361891Z [command]/usr/bin/git config --local --unset-all http.https://github.com/.extraheader
collect	UNKNOWN STEP	2026-09-22T18:52:02.5399051Z [command]/usr/bin/git submodule foreach --recursive sh -c "git config --local --name-only --get-regexp 'http\.https\:\/\/github\.com\/\.extraheader' && git config --local --unset-all 'http.https://github.com/.extraheader' || :"
collect	UNKNOWN STEP	2026-09-22T18:52:02.5653513Z [command]/usr/bin/git config --local --name-only --get-regexp ^includeIf\.gitdir:
collect	UNKNOWN STEP	2026-09-22T18:52:02.5687516Z [command]/usr/bin/git submodule foreach --recursive git config --local --show-origin --name-only --get-regexp remote.origin.url
collect	UNKNOWN STEP	2026-09-22T18:52:02.6076246Z Cleaning up orphan processes
collect	UNKNOWN STEP	2026-09-22T18:52:02.6385026Z ##[warning]Node.js 20 is deprecated. The following actions target Node.js 20 but are being forced to run on Node.js 24: actions/checkout@v4, actions/setup-python@v5. For more information see: https://github.blog/changelog/2025-09-19-deprecation-of-node-20-on-github-actions-runners/
